"name","phoneNumber","address","rating","reviews","services"
"HiTech Dhobi- Laundry Services, Sofa Drycleaning","099508 23272","Shop No 7, Doctor's Colony, Plot No-184, Sarthi Marg, Akruti Apartments, Vaishali Nagar, Jaipur, Rajasthan 302021","4.7","201","Services: Quilt cleaning,Ironing,General clothes drying,Laundry wash and fold,Special care fabric cleaning,Self-service laundry,Leather and suede cleaning,Delivery,Dry cleaning,General bedding cleaning,Laundry pick-up,Wedding gown preservation,Balnket Laundry (Per KG),Car and bus Dryclean,Carpet And Rug Cleaning,Carpet Dry Cleaners,Carpet Dryclean,Chair Cleaning,Cloth Washing,Dry Cleaning & Laundry,Dry Cleaning & Laundry Services,Dry Cleaning Business,Home Upholstery Cleaning,Jacket Laundry (Per KG),Leather Jacket Dryclean per pc.,Leather shoe Dryclean,Mattress Cleaning,Online Laundry,Online Laundry Services,Pick Up,Pick Up Service,Premium Washing,Same Day Service,Shoe Dry Cleaner,Shoes Dryclean,Sofa & Carpet Cleaning,Sofa Cleaning,Sofa Dry Cleaners,Sofa Dryclean,Sofa Dryclean per seat,Sofa Drycleaned,Sports shoe Dryclean,Stain Removal,Steam Iron ( Per PCs ),Wash & Fold (per KG),Wash & Iron,Wash & Iron Services,Wash with Steam Iron ( Per KG ),Clothes pressing,Couches/sofas,Jackets,Online dry cleaner booking,Commercial service,Wedding dress cleaning,Carpet steam cleaning,General carpet cleaning,Mattress cleaning,Leather cleaning,Drapes and curtain cleaning"
"Best Online Laundry and Dryclean Services in Jaipur | The laundry walas","090013 48998","308, shree gopal tower, Krishna Marg, opposite Bandhan Bank, Panch Batti, C Scheme, Ashok Nagar, Jaipur, Rajasthan 302001","4.9","131","Services: Clothing alterations & repairs,Delivery,Drapery & window cover cleaning,Dry cleaning,General bedding cleaning,Ironing,Laundry pick-up,Laundry wash and fold,Leather and suede cleaning,Quilt cleaning,Special care fabric cleaning,Wedding gown preservation,LAUNDERY SERVICE ON DEMAND,NEAR ME LAUNDRY SERVICE,Best laundry service in jaipur,Carpet and rug cleaning,Clothes pressing,Commercial service,Eco-friendly cleaning,Industrial laundry,Jackets,Online dry cleaner booking,Organic dry cleaning,Wedding dress cleaning,Wash and steam iron,Wash and iron,Wash and fold,Steam ironing,Laundry and drycleaning"
"Dry Cleaner","098283 47039","N/A","4.9","47","N/A"
"The Jaipur Drycleaners (Sofa Dry cleaning / Carpet - Car - Shoe Dry cleaning / Laundry Services )","095096 89553","110, Radhakrishna Nager, Maharani Garden Road, opp. Rajat path, Manyawas, Mohru Nagar, Mansarovar, Jaipur, Rajasthan 302020","4.8","321","Services: Ironing,Laundry wash and fold,Car wash,Carpet and rug cleaning,Couches/sofas,Coat & jacket alterations,Jackets,Delivery,Online dry cleaner booking,Dry cleaning,Laundry pick-up,Commercial service,Wedding gown preservation,Car Detailing,Car Dry Cleaning,Car Dryclean,Car Interior,Carpet Dry Cleaning,Cleaning Fabric,Clotha Dry Cleaning,Curtains,Curtains Dry Cleaning,Dining Chairs,Drop Service,Dry Cleaning & Laundry,Eco-Friendly Wash,Express Laundry,Fabric Sofa,Free Home Delivery,Free Home Pick Up,Furniture Cleaning,Home Cleaning,Household Laundry,Ironing And Folding,Ordinary Home Cleaning,Pick Up And Delivery,Pickup And Drop,Seat Dry Cleaning,Self Service Laundromat,Shoes Dry Cleaning,Sofa Dry Cleaning,Sofa Shampooing,Standard Laundry,Steam Cleaning,Steam Ironing,T-Shirt,Teflon Coating,Upholstery Dry Cleaned,Vacuum Cleaner,Wash & Fold,Wash And Iron,Washing And Drying,Wedding Dresses,Upholstery cleaning"
"DhobiLite Dry-Cleaning & Laundry","075979 59898","122/51, B-1, Basement, Vijay Path, Madhyam Marg, Sector 12, Circle, Jaipur, Rajasthan 302020","4.8","156","Services: Organic dry cleaning,Quilt cleaning,Clothes pressing,Ironing,Laundry wash and fold,Carpet and rug cleaning,Leather and suede cleaning,Delivery,Online dry cleaner booking,Dry cleaning,Alterations,Laundry pick-up,Wedding dress cleaning,Accessories Cleaning,Bed Linen,Bed Sheets,Car Cleaning,Carpet Cleaning,Couch Cleaning,Curtain Cleaning,Curtain Wash,Deep Cleaning,Deliver Clothes,Doorstep Pickup And Delivery,Garment Cleaning,Garment Laundry,Garment Wash,Home Delivery,Home Dry Cleaning,Iron Clothes,Kg Washing,Laundromat Services,Laundry & Dry Cleaning,Laundry & Dryclean Services In Noida,Laundry Facility,Laundry Pick-Up,Laundry Pickup,Laundry Services Across,Leather Products Cleaning,Online Laundry Services,Petrol Wash,Pick Clothes,Pick Up And Deliver,Pick Up And Delivery,Premium Dry Cleaning,Premium Drycleaning,Premium Laundry,Regular Laundry,Regular Washing,Shoe Cleaning,Shoe Washing,Small Repairing,Sofa Cleaning,Stain Removal Service,Steam Ironing,Steam Press,Thorough Cleaning,Upholstery Cleaning,Vaccum Cleaning,Wash And Iron,Wash Only,Washing And Dry,clea"
"Colors Dry Cleaners - Sofa Dry Cleaners, Car Dry Cleaning, Carpet Dry Cleaner, best Dry Cleaners in Jaipur","098287 22004","Plot No. 114, Shop No. 4, Parshwanath Colony Main Janpath, Ajmer Rd, near Panjabi Dhaba, Nirman Nagar, Jaipur, Rajasthan 302019","4.9","83","Services: Clothes pressing,Couches/sofas,Dry cleaning,Jackets,Self-service laundry,Wedding gown preservation,car dry clean,carpet dry clean,shoes dry clean,sofa dry clean,Bag Cleaning,Clothes Washing,Curtain Cleaning,Disinfection Services,Express Laundry,Free Pick & Drop,Home Furnishing,Home Sanitization,Onsite Cleaning,Shoe Drycleaners,Sofa Washing,Stain Removal,Steam Cleaning,car sanitization service,carpet sanitization service,sofa sanitization service,shoes sanitization service,Premium brands shoes Dry Cleaners in Jaipur,Premium brands Men shoes Dry Cleaners in Jaipur,Premium brands Women shoes Dry Cleaners in Jaipur,Premium brands shoes Dry Cleaning in Jaipur,Premium brands Men shoes Dry Cleaning in Jaipur,Premium brands Women shoes Dry cleaning in Jaipur,Premium brands Leather shoes Dry Cleaners in Jaipur,Premium brands Men's Leather shoes Dry Cleaners in Jaipur,Premium brands Women's Leather shoes Dry Cleaners in Jaipur,Premium brands Men's Leather shoes Dry Cleaning in Jaipur,Premium brands Women's Leather shoes Dry Cleaning in Jaipur,Premium brands Sports shoes Dry Cleaners in Jaipur,Premium brands Men's Sports shoes Dry Cleaners in Jaipur,Premium brands Women's Sports shoes Dry Cleaners in Jaipur,Premium brands Men's Sports shoes Dry Cleaning in Jaipur,Premium brands Women's Sports shoes Dry Cleaning in Jaipur,Traveling Bags Dry Cleaning in Jaipur,Traveling Bags Dry Cleaners in Jaipur,Sports Kits Dry Cleaning in Jaipur,Sports Kits Dry Cleaners in Jaipur,Soft Toys Dry Cleaning in Jaipur,Soft Toys Dry Cleaners in Jaipur"
"The Ironman","096022 29977","Basement, B2, Kapoori Niwas, 3A, Mysore House/Achrol House Colony, Madrampur, Civil Lines, Jaipur, Rajasthan 302006","4.8","135","Services: Quilt cleaning,Ironing,General clothes drying,Laundry wash and fold,Special care fabric cleaning,Leather and suede cleaning,Delivery,Dry cleaning,Drapery & window cover cleaning,General bedding cleaning,Laundry pick-up,Best laundry in Jaipur,Daily Laundry,Dry Cleaning,Free Pickup And Delivery,Free pickup and drop-off,Laundry And Drycleaning,Laundry Pickup,Stain Removal,Steam Ironing,Wash And Fold,Wash And Steam Iron,Wash and Iron"
"Tumbledry Dry Clean & Laundry Service","076772 50250","B-9, Ground Floor, Roop Vihar Swez Farms, New Sanganer Road, 2, Sadola, opp. Mahima IRIS, Sadola, Jaipur, Rajasthan 302019","4.4","93","Services: Laundry wash and fold,Coat & jacket alterations,Special care fabric cleaning,Leather and suede cleaning,Jackets,Online dry cleaner booking,Dry cleaning,Laundry pick-up,Wedding gown preservation,Art Dry Cleaning,Bag Cleaning,Blanket & Quilt Dry Cleaning,Canvas Shoes Dry Cleaning,Carpet Cleaning,Carpet Dry Cleaning,Coat & Blazer Dry Cleaning,Color Enhancement After Dry Cleaning,Curtain & Blinds Dry Cleaning,Curtain Dry Cleaning Service,Curtain Ring Replacement,Customized Treatment,Damaged Collar Replacement,Darning,Deep Cleaning,Dry Cleaning & Laundry,Dry Cleaning Facility,Free Pickup,Hand Bag Dry Cleaning,Haute Couture Dry Cleaning,Heel Replacement,Inner Lining Replacement,Inner Sole Replacement,Jacket Dry Cleaning,Laces Replacement,Leather & Suede,Leather & Suede Shoes Dry Cleaning,Leather Bag Dry Cleaning,Leather Dry Cleaning,Lehenga & Bridal Wear Dry Cleaning,Packing,Re Coloring,Saree Dry Cleaning,Silk Sarees,Soft Toys Dry Cleaning,Sole Pasting,Sorting & Inspection,Sport Shoes Dry Cleaning,Stain Removal,Stain Treatment,Steam Iron,Steam Ironing,Whitening After Dry Cleaning,Women Kurta & Salwar Dry Cleaning,Woolen & Shawl Dry Cleaning,Woolen Garments,Woolens Dry Cleaning,Steam Ironing,Wash & Fold,Wash & Steam Iron"
"Shree ganeshay laundry and dry cleaning","077918 41996","1051, kisan marg, Tonk Rd, Barkat Nagar, Jaipur, Rajasthan 302015","4.9","168","Services: Industrial laundry,Eco-friendly cleaning,Organic dry cleaning,Quilt cleaning,Embroidery,Clothes pressing,Ironing,Clothing alterations & repairs,Laundry wash and fold,Car wash,Carpet and rug cleaning,Couches/sofas,Coat & jacket alterations,Special care fabric cleaning,Self-service laundry,Leather and suede cleaning,Jackets,Hat cleaning,Delivery,Online dry cleaner booking,Dry cleaning,Drapery & window cover cleaning,Alterations,General bedding cleaning,Laundry pick-up,Commercial service,Wedding gown preservation,Wedding dress cleaning,Sofa drycleaning"
"JAIPUR LAUNDRY & DRYCLEANERS","091163 66663","RAJAPARK, PLOT NO. 379, Gali Number 2, Jaipur, Rajasthan 302004","4.5","88","Services: Carpet and rug cleaning,Dry cleaning,Ironing,Laundry pick-up,Leather and suede cleaning,Garments Drycleaning,Suits Drycleaning,Lehnga Drycleaning,Shoes Drycleaning,Leather Garments Drycleaning,Sofa Drycleaning,Sherwani Drycleaning,Hand Bag Drycleaning,Laptop Bag Drycleaning,Trolly Bag Drycleaning,Party dress cleaning,Wash and Fold by KG,Wash and Iron by kg,Express Laundry,Hotel Laundry"
"Lavender India Laundry and Dry-Cleaning services","063780 49090","24 Goyal House, Opposite Anchor Mall, Ajmer Rd, Jaipur, Rajasthan 302006","4.2","29","Services: Quilt cleaning,Bed Linen,Clean Your Clothes,Cleaning Procedures,Cleaning Processes,Commercial Laundry,Deep Cleaning,Designer Dress,Dry Cleaning & Folding,Dry Cleaning & Ironing,Dry Cleaning Company,Dry-cleaning & Folding,Dry-cleaning & Ironing,Folding And Finishing,Free Pickup And Delivery,Home Services,Hotel Linen,Laundry & Drycleaning,Laundry Equipment,Laundry Machine,Laundry Pick Up And Delivery,Laundry Wash And Fold,Laundry Wash And Iron,Premium Dry Cleaning,Premium Laundry,Preventative Maintenance,Removing Of Stains,Schedule Pickup,Shoes And Bag Cleaning,Soft Washes,Sorting,Spot Removal,Standard Cleaning,Washing & Folding,Washing & Ironing,Woolen Laundry"
"Washouse Drycleaning and laundry service","072300 70076","1137 , Mishra Raja Ji, Choti Chaupar, Ka Rasta, Jaipur, Rajasthan 302001","4.8","78","Services: Quilt cleaning,Ironing,General clothes drying,Clothing alterations & repairs,Laundry wash and fold,Special care fabric cleaning,Self-service laundry,Leather and suede cleaning,Delivery,Dry cleaning,Drapery & window cover cleaning,General bedding cleaning,Laundry pick-up,Wedding gown preservation,11,Drycleaning,Iron,Ironing,Laundry,Laundry Pickup,Laundry Pickup And Delivery,Laundry service,Personalized Service,Pickup And Delivery,Steam Cleaning,Washing,Wedding planning"
"Online Laundry Solutions","097822 22213","12/213, Sector 7 Malviya Nagar Rd, Sector 15, Sector 7, Malviya Nagar, Jaipur, Rajasthan 302017","4.0","145","Services: Quilt cleaning,General clothes drying,Special care fabric cleaning,Self-service laundry,Delivery,Clean And Folded,Clean Your Clothes,Cleaning & Washing,Cleaning Process,Express Delivery,Express Laundry Service,Fabric Softener,Free Pickup And Delivery,Home Services,Kg Clothes,Machine Washable,Main Services,Online Laundry Services,Shoe Drycleaning,Shoe Washing,Special Service,Wash & Fold,Wash & Iron,Washing Clothes,Washing Laundry,Women's Clothing"
"Laundry Hut","099822 27774","1/458, Malviya Nagar Rd, Surya Market, Sector 1, Malviya Nagar, Jaipur, Rajasthan 302017","4.8","180","Services: Ironing,Laundry wash and fold,Special care fabric cleaning,Leather and suede cleaning,Delivery,Dry cleaning,Laundry pick-up,Wedding gown preservation"
"Rahul laundry","099296 03246","152, MRF, 8, Patel Marg, Shipra Path, Mansarovar, Jaipur, Rajasthan 302020","4.7","87","Services: Ironing,Laundry wash and fold,Delivery,Laundry pick-up,Carpet,Commercial laundry,Drycleaners,Home delivery Laundry service,Jacket drycleaners,Laundry Service,Laundry service for hotel,Shoe laundry,Shoes,Steam Pressing,Wash&iron"
"UClean Select","099997 59911","Shubham Tower, 80/15, Mansarovar Patel Marg, Ward 27, Mansarovar Sector 8, Mansarovar, Jaipur, Rajasthan 302020","4.5","108","Services: Ironing,General clothes drying,Laundry wash and fold,Special care fabric cleaning,Self-service laundry,Leather and suede cleaning,Delivery,Dry cleaning,Drapery & window cover cleaning,General bedding cleaning,Laundry pick-up,Wedding gown preservation,100% Sanitized Clothes,Bag Cleaning,Bulk Washing,Car Cleaning,Carpet Cleaning,Cleaning And Disinfecting,Cleaning Process,Cleaning Up,Clothes Cleaned,Curtain Cleaning,Custom Packaging Fold Or Hang,Doorstep Pick Up And Drop,Drapes Clean,Dry Cleaners,Emergency Service,Express Service,Green Certified Detergents,Home Cleaning Services,Ironing Clothes,Kg Wash,Laundry & Dry Cleaning,Laundry By Kg,Laundry By Kilo,Laundry Process,Laundry Wash And Fold,Laundry Wash And Iron,Live Laundry,Normal Cleaning,On Demand Service Also Available,Personalized Care,Pickup & Drop,Premium Laundry,Quick Service,Safe Service,Shoe Cleaning,Sofa Cleaning,Stain Removal,Stain Treatment,Steam Sterilization,Vacuum Steam Iron,Wash My Clothes,Washing Machine,Washing Process,Water Cleaning"
"The Luxx Laundry","088759 68998","Shop No - C, 34, Lajpat Marg, near Raajdhani Hospital, near Rajdhani Hospital, Panch Batti, C Scheme, Ashok Nagar, Jaipur, Rajasthan 302001","5.0","40","Services: Quilt cleaning,Ironing,Clothing alterations & repairs,Laundry wash and fold,Special care fabric cleaning,Self-service laundry,Leather and suede cleaning,Delivery,Dry cleaning,Drapery & window cover cleaning,General bedding cleaning,Laundry pick-up,Wedding gown preservation,General clothes drying"
"LaveKart Laundry - Laundromat | Laundry Service | Dry Cleaning | Steam Ironing | Shoe Cleaning","098298 78118","C1, Grudware Wali Gali, near SBI ATM, Aarti Nagar, Vidhyadhar Nagar, Railway Colony, Jagatpura, Jaipur, Rajasthan 302017","5.0","39","Services: Quilt cleaning,Ironing,General clothes drying,Laundry wash and fold,Special care fabric cleaning,Self-service laundry,Leather and suede cleaning,Delivery,Dry cleaning,Drapery & window cover cleaning,General bedding cleaning,Laundry pick-up,Wedding gown preservation,Bag Cleaning,Basic Services,Blanket Wash,Carpet Cleaning,Cloth Ironing,Cloth Washing,Curtains Cleaning,Customized Laundry,Doorstep Delivery,Doorstep Pickup,Dry Cleaners,Dry Wash,Express Delivery,Express Laundry,Fabric Care,Free Pickup And Delivery,Garment Care,Home Services,Kg Washed,Laundry And Dry,Laundry By Kilo,Laundry Wash & Fold,Online Dry Cleaning Service,Online Laundry Service,Personalized Service,Premier Dry Cleaning,Premium Cleaning,Premium Laundry,Quick Service,Shoes Cleaning,Shorting,Softner,Specialized Care,Stain Removal,Standard Services,Treatment,Wash And Steam Iron,Woolen Laundry,Woollen Laundry"
"Eurill | Laundry & Drycleaning","083068 32619","N/A","5.0","103","Services: Quilt cleaning,Dry cleaning,General clothes drying,Ironing,Laundry pick-up,Laundry wash and fold,Leather and suede cleaning,Wedding gown preservation,24 Hours Services,Carpet Cleaning,Carpet Drycleaning,Clean Laundry,Cleaned And Ironed,Clothes Cleaned,Customized Services,Deep House Cleaning,Doorstep Laundry,Doorstep Pickup,Doorstep Pickup And Drop,Dryclean,Drycleaning,Furniture Cleaning,Garment Washed,Home Cleaning,House Cleaning,Laundry by kg,Online Services,Pickup And Drop,Premium Wash,Rapid Services,Same Day Service,Saree Dry Cleaning,Sofa Cleaning,Sofa Drycleaning,Sofa Shampoo,Soft Furnishing Dryclean,Soft Toys Dry Cleaning,Special Care,Sports Shoes Dry Cleaning,Steam Cleaning,Steam Ironing,Steam Press,Wash & Fold Dry Cleaning,Wash & Iron,Wash and fold,Woolen & Shawl Dry Cleaning"
"Laundry Hut","086963 07029","82, Rajat Path, Narayan Pura, Mansarovar Sector 6, Mansarovar, Jaipur, Rajasthan 302020","4.8","126","Services: Ironing,Clothing alterations & repairs,Laundry wash and fold,Special care fabric cleaning,Delivery,Dry cleaning,Drapery & window cover cleaning,General bedding cleaning,Laundry pick-up,Wedding gown preservation"
"Laundry Hut","099822 27774","1/458, Malviya Nagar Rd, Surya Market, Sector 1, Malviya Nagar, Jaipur, Rajasthan 302017","4.8","180","Services: Ironing,Laundry wash and fold,Special care fabric cleaning,Leather and suede cleaning,Delivery,Dry cleaning,Laundry pick-up,Wedding gown preservation"
"LaveKart Laundry - Laundromat | Laundry Service | Dry Cleaning | Steam Ironing | Shoe Cleaning","098298 78118","C1, Grudware Wali Gali, near SBI ATM, Aarti Nagar, Vidhyadhar Nagar, Railway Colony, Jagatpura, Jaipur, Rajasthan 302017","5.0","39","Services: Quilt cleaning,Ironing,General clothes drying,Laundry wash and fold,Special care fabric cleaning,Self-service laundry,Leather and suede cleaning,Delivery,Dry cleaning,Drapery & window cover cleaning,General bedding cleaning,Laundry pick-up,Wedding gown preservation,Bag Cleaning,Basic Services,Blanket Wash,Carpet Cleaning,Cloth Ironing,Cloth Washing,Curtains Cleaning,Customized Laundry,Doorstep Delivery,Doorstep Pickup,Dry Cleaners,Dry Wash,Express Delivery,Express Laundry,Fabric Care,Free Pickup And Delivery,Garment Care,Home Services,Kg Washed,Laundry And Dry,Laundry By Kilo,Laundry Wash & Fold,Online Dry Cleaning Service,Online Laundry Service,Personalized Service,Premier Dry Cleaning,Premium Cleaning,Premium Laundry,Quick Service,Shoes Cleaning,Shorting,Softner,Specialized Care,Stain Removal,Standard Services,Treatment,Wash And Steam Iron,Woolen Laundry,Woollen Laundry"
"UClean Laundry","099997 59911","Plot No. J, 19, Subhash Marg, C Scheme, Ashok Nagar, Jaipur, Rajasthan 302001","3.7","52","Services: General clothes drying,Laundry wash and fold,Self-service laundry,Leather and suede cleaning,Dry cleaning,Drapery & window cover cleaning,Ironing,Baby clothes cleaning,100% Sanitized Clothes,Air Drying,Bag Cleaning,Bulk Washing,Car Cleaning,Carpet Cleaning,Cleaning And Disinfecting,Curtain Cleaning,Custom Packaging Fold Or Hang,Doorstep Pick Up And Drop,Drapes Clean,Dry Cleaners,Express Service,Green Certified Detergents,Home Cleaning,Ironed Clothes,Laundry & Dry Cleaning,Laundry By Kg,Laundry By Kilo,Laundry Wash And Fold,Laundry Wash And Iron,On Demand Service Also Available,Premium Laundry,Quick Service,Shoe Cleaning,Sofa Cleaning,Stain Removal,Stain Treatment,Steam Iron,Washing Clothes,Washing Machine,Water Cleaning"
"KHADIYA DRY CLEANING LOUNDRY - BEST LOUNDRY SERVICE IN JAIPUR","097821 00604","S-7, Tonk Rd, Kailash Puri Colony, Milap Nagar, Jaipur, Rajasthan 302018","5.0","48","Services: Quilt cleaning,Ironing,General clothes drying,Laundry wash and fold,Special care fabric cleaning,Delivery,Dry cleaning,Drapery & window cover cleaning,General bedding cleaning,Laundry pick-up,Wedding gown preservation"
"Quick Smart Wash Pvt Ltd","099299 22240","One, 303, Coral Studio, Sahakar Marg, Jaipur, Rajasthan 302015","4.3","35","Services: Laundry wash and fold,Self-service laundry,Delivery,General bedding cleaning,Clothes Washed,Commercial Laundry Service,Hospital Laundry,Hospital Linen,Inventory Management,Management Services,Quick Service,Washing Laundry"
"Panwar Laundry","099281 46601","40, Vijay Path, near Birla Mandir, Jaipur, Ganesh Colony, Tilak Nagar, Jaipur, Rajasthan 302004","4.9","123","Services: Ironing,General clothes drying,Laundry wash and fold,Special care fabric cleaning,Leather and suede cleaning,Delivery,Dry cleaning,Drapery & window cover cleaning,General bedding cleaning,Laundry pick-up,Wedding gown preservation,10% instant cashback on billing of above 1000,Two day delivery,Washing of clothes"
"Gourav Sofa And Car Dry Cleaning Services","098289 21158","151, Hathroi Bawdi, Ajmer Rd, near Corporate Park, Gopalbari, Jaipur, Rajasthan 302006","4.9","401","Services: Car wash,Carpet and rug cleaning,Dry cleaning,Car Dry Cleaning Services,Car Polishing,Carpet Cleaning Jaipur,Carpet Cleaning Services,Chair Dry Cleaning Services,Chair Dry Cleaning jaipur,Cleaning Services,Home Cleaning,Sofa Dry Cleaners in Jaipur,Sofa Dry Cleaning Services,Sofa Dry clean"
"JAIPUR LAUNDRY & DRYCLEANERS","091163 66663","RAJAPARK, PLOT NO. 379, Gali Number 2, Jaipur, Rajasthan 302004","4.5","88","Services: Carpet and rug cleaning,Dry cleaning,Ironing,Laundry pick-up,Leather and suede cleaning,Garments Drycleaning,Suits Drycleaning,Lehnga Drycleaning,Shoes Drycleaning,Leather Garments Drycleaning,Sofa Drycleaning,Sherwani Drycleaning,Hand Bag Drycleaning,Laptop Bag Drycleaning,Trolly Bag Drycleaning,Party dress cleaning,Wash and Fold by KG,Wash and Iron by kg,Express Laundry,Hotel Laundry"
"Laundry Hut","086963 07029","82, Rajat Path, Narayan Pura, Mansarovar Sector 6, Mansarovar, Jaipur, Rajasthan 302020","4.8","126","Services: Ironing,Clothing alterations & repairs,Laundry wash and fold,Special care fabric cleaning,Delivery,Dry cleaning,Drapery & window cover cleaning,General bedding cleaning,Laundry pick-up,Wedding gown preservation"
"Bright Colors","078778 60006","C, 319, Jan Path, Nirman Nagar, Brijlalpura, Jaipur, Rajasthan 302019","5.0","50","Services: Quilt cleaning,Ironing,General clothes drying,Laundry wash and fold,Special care fabric cleaning,Self-service laundry,Leather and suede cleaning,Delivery,Dry cleaning,General bedding cleaning,Laundry pick-up,Clean Your Clothes,Cleaning Iron,Clothes Ironing,Commercial Washing,Dress Laundry,Extra Care,Helmet Cleaning,Home Laundry,Laundry & Dry Cleaning,Laundry And Drycleaning,Laundry Clothes,Pick And Drop,Same day delivery,Shirt Dry Cleaning,Shoe Cleaning,Stain Removals,Steam Iron,Toys Cleaning,Washing Machines,Wet Cleaning"
"UClean Laundry| Dry Cleaning| Shoe Cleaning","079764 00790","371, Showroom, No 2, Plot No, Gali Number 2, Raja Park, Jaipur, Rajasthan 302004","4.9","134","Services: Quilt cleaning,Ironing,Laundry wash and fold,Special care fabric cleaning,Self-service laundry,Leather and suede cleaning,Delivery,Dry cleaning,Drapery & window cover cleaning,General bedding cleaning,Laundry pick-up,Wedding gown preservation,Bag Cleaning,Bulk Washing,Car Cleaning,Carpet Cleaning,Cleaning And Disinfecting,Cleaning Process,Cleaning Up,Clothes Cleaned,Curtain Cleaning,Custom Packaging,Doorstep Pick Up,Drapes Clean,Dry Cleaners,Emergency Service,Express Service,Home Cleaning,Ironing Clothes,Kg Wash,Laundry & Dry Cleaning,Laundry By Kg,Laundry By Kilo,Laundry Wash And Fold,Laundry Wash And Iron,Live Laundry,Normal Cleaning,Personalized Care,Pick Up & Drop,Premium Laundry Laundry,Quick Service,Shoe Cleaning,Sofa Cleaning,Special Cleaning,Stain Removal,Stain Treatment,Steam Sterilization,Vacuum Steam Iron,Wash My Clothes,Wash Your,Washing Machine"
"Tumbledry Dry Clean & Laundry Service","076772 50250","G-4, RK Tower, Near, Niwas Marg, Bani Park, Jaipur, Rajasthan 302016","4.7","27","Services: Ironing,Laundry wash and fold,Carpet and rug cleaning,Special care fabric cleaning,Leather and suede cleaning,Jackets,Delivery,Online dry cleaner booking,Dry cleaning,Laundry pick-up,Art Dry Cleaning,Bag Cleaning,Blanket & Quilt Dry Cleaning,Canvas Shoes Dry Cleaning,Carpet Cleaning,Carpet Dry Cleaning,Coat & Blazer Dry Cleaning,Color Enhancement After Dry Cleaning,Curtain & Blinds Dry Cleaning,Curtain Dry Cleaning Service,Curtain Ring Replacement,Customized Treatment,Damaged Collar Replacement,Darning,Deep Cleaning,Dry Cleaning & Laundry,Dry Cleaning Facility,Free Pickup,Handbag Dry Cleaning,Haute Couture Dry Cleaning,Heel Replacement,Inner Lining Replacement,Inner Sole Replacement,Jacket Dry Cleaning,Laces Replacement,Leather & Suede,Leather & Suede Shoes Dry Cleaning,Leather Bag Dry Cleaning,Leather Dry Cleaning,Lehenga & Bridal Wear Dry Cleaning,Packing,Re Coloring,Saree Dry Cleaning,Silk Sarees,Soft Toys Dry Cleaning,Sole Pasting,Sorting & Inspection,Sports Shoes Dry Cleaning,Stain Removal,Stain Treatment,Steam Iron,Steam Ironing,Whitening After Dry Cleaning,Women Kurta & Salwar Dry Cleaning,Woolen & Shawl Dry Cleaning,Woolen Garments,Woolens Dry Cleaning,Self-service laundry,Premium Laundry,Wash & Steam Ironing,Wash & fold service"
"UClean Laundry| Dry Cleaning| Shoe Cleaning","099997 59911","3/581, Pradhan Marg, Sector 3, Malviya Nagar, Jaipur, Rajasthan 302017","4.7","52","Services: Quilt cleaning,Ironing,General clothes drying,Laundry wash and fold,Special care fabric cleaning,Self-service laundry,Leather and suede cleaning,Delivery,Dry cleaning,Drapery & window cover cleaning,General bedding cleaning,Laundry pick-up,Wedding gown preservation,100% Sanitized Clothes,Bag Cleaning,Bulk Washing,Car Cleaning,Carpet Cleaning,Cleaning And Disinfecting,Cleaning Process,Cleaning Up,Clothes Cleaned,Curtain Cleaning,Custom Packaging Fold Or Hang,Doorstep Pick Up And Drop,Drapes Clean,Dry Cleaners,Emergency Service,Express Service,Green Certified Detergents,Home Cleaning Services,Ironing Clothes,Kg Wash,Laundry & Dry Cleaning,Laundry By Kg,Laundry By Kilo,Laundry Process,Laundry Wash And Fold,Laundry Wash And Iron,Live Laundry,Normal Cleaning,On Demand Service Also Available,Personalized Care,Pickup & Drop,Premium Laundry,Quick Service,Safe Service,Shoe Cleaning,Sofa Cleaning,Stain Removal,Stain Treatment,Steam Sterilization,Vacuum Steam Iron,Wash My Clothes,Washing Machine,Washing Process,Water Cleaning"
"Shree Sai Dry Cleaners- Sofa Cleaning- Carpet- Car -Drycleaning","098283 47039","A-6, Monika Vihar 2nd, Mangiyawas road, New Sanganer Rd, behind Maharani Restaurant, opp. Rajat Path, Mansarovar, Jaipur, Rajasthan 302020","4.8","131","Services: Car wash,Self-service laundry,Leather and suede cleaning,Dry cleaning,Car Dry Cleaning,Car Washing,Carpet Drycleaning,Cleaners And Laundry,Cleaning And Laundry,Cleaning Work,Commercial Cleaning Services,Commercial Laundry Services,Deep Cleansing,Doorstep Pickup,Dry Wash,Free Pickup And Delivery,Home Cleaning Services,Iron And Fold,Leather Jacket Clean,Leather Jacket Polish,Leather Shoes,Residential Cleaning Services,Salwar Suit,Same Day Laundry,Saree Charak,Shoe Dry Cleaner,Shoe Drycleaning,Shoes Dry Cleaning,Sofa And Carpet,Sofa Dry Cleaning,Steam Iron,Wash And Iron"
"UClean Laundry","099997 59911","Plot No - 4, Mahal Rd, near Gurudwara, Aarti Nagar, Vidhyadhar Nagar, Railway Colony, Jagatpura, Jaipur, Rajasthan 302025","4.4","154","Services: General clothes drying,Self-service laundry,Leather and suede cleaning,Delivery,Dry cleaning,Drapery & window cover cleaning,General bedding cleaning,100% Sanitized Clothes,Bag Cleaning,Bulk Washing,Car Cleaning,Carpet Cleaning,Cleaning And Disinfecting,Cleaning Process,Cleaning Up,Clothes Cleaned,Curtain Cleaning,Custom Packaging Fold Or Hang,Disinfect Clean,Doorstep Pick Up And Drop,Drapes Clean,Dry Cleaners,Emergency Service,Express Service,Green Certified Detergents,Home Cleaning,Home Cleaning Services,Ironing Clothes,Kg Wash,Laundry & Dry Cleaning,Laundry By Kg,Laundry By Kilo,Laundry Process,Laundry Wash And Fold,Laundry Wash And Iron,Live Cleaning,Live Laundry,Normal Cleaning,On Demand Service Also Available,Personalized Care,Pickup & Drop,Premium Laundry,Quick Service,Safe Service,Shoe Cleaning,Shoe Laundry,Sofa Cleaning,Stain Removal,Stain Treatment,Steam Sterilization,Vacuum Steam Iron,Wash & Iron (Per Kg Basis),Wash My Clothes,Washing Machine,Washing Machines,Washing Process,Water Cleaning,Wet Cleaning"
"Yogi's WashWala (IronMan)","095889 95839","42/2, Krishna Apartment Rd, near Dwarikapuri circle, Sector 28, Pratap Nagar, Jaipur, Rajasthan 302033","4.9","99","Services: Ironing,Delivery,Drapery & window cover cleaning,Laundry pick-up,Washing"
"Mr. Blue C-Scheme","063676 72778","31-S & 32-S, Hawa Sadak Rd, opposite Chambal Guest House, Gaurav Nagar, Civil Lines, Jaipur, Rajasthan 302006","4.6","48","Services: Industrial laundry,Eco-friendly cleaning,Organic dry cleaning,Quilt cleaning,Clothes pressing,Ironing,Clothing alterations & repairs,Laundry wash and fold,Car wash,Coat & jacket alterations,Leather and suede cleaning,Online dry cleaner booking,Dry cleaning,Drapery & window cover cleaning,General bedding cleaning,Laundry pick-up,Car Cleaning,Clothes Cleaning,Home Cleaning,Laundry & Dry Cleaning,Pickup Service,Sustainable Laundry"
"N/A","N/A","N/A","N/A","N/A","N/A"
"Tumbledry Dry Clean & Laundry Service","076772 50250","38/243, Main Madhyam Marg Near Rajat Path Chauraha, Mansarovar, Jaipur, Rajasthan 302020","4.5","64","Services: Eco-friendly cleaning,Clothes pressing,Ironing,Laundry wash and fold,Carpet and rug cleaning,Special care fabric cleaning,Self-service laundry,Leather and suede cleaning,Jackets,Delivery,Online dry cleaner booking,Dry cleaning,Laundry pick-up,Wedding gown preservation,Wedding dress cleaning,Art Dry Cleaning,Bag Cleaning,Blanket & Quilt Dry Cleaning,Bridal & Designer Wear,Canvas Shoes Dry Cleaning,Carpet Cleaning,Carpet Dry Cleaning,Coat & Blazer Dry Cleaning,Color Enhancement After Dry Cleaning,Curtain & Blinds Dry Cleaning,Curtain Dry Cleaning Service,Curtain Ring Replacement,Customized Treatment,Damaged Collar Replacement,Darning,Deep Cleaning,Dry Cleaning & Laundry,Dry Cleaning Facility,Free Pickup,Handbag Dry Cleaning,Haute Couture Dry Cleaning,Heel Replacement,Inner Lining Replacement,Inner Sole Replacement,Jacket Dry Cleaning,Laces Replacement,Leather & Suede,Leather & Suede Shoes Dry Cleaning,Leather Bag Dry Cleaning,Leather Dry Cleaning,Lehenga & Bridal Wear Dry Cleaning,Packing,Re Coloring,Saree Dry Cleaning,Shoe Cleaning,Shoe Laundry,Silk Sarees,Soft Toys Dry Cleaning,Sole Pasting,Sorting & Inspection,Sports Shoes Dry Cleaning,Stain Removal,Stain Treatment,Steam Iron,Steam Ironing,Vacuum Packing,Wash & Steam Iron,Whitening After Dry Cleaning,Women Kurta & Salwar Dry Cleaning,Woolen & Shawl Dry Cleaning,Woolen Garments,Woolens Dry Cleaning,Premium Laundry,Wash & Steam Ironing"
"Dust To Shine Laundry&Drycleaners","081144 66328","74/30, Shipra Path, Mansarovar Sector 7, Shipra Path, Barh Devariya, Mansarovar, Jaipur, Rajasthan 302020","5.0","65","Services: Delivery,Drapery & window cover cleaning,Dry cleaning,General bedding cleaning,General clothes drying,Ironing,Laundry pick-up,Laundry wash and fold,Leather and suede cleaning,Quilt cleaning,Special care fabric cleaning,Sofa dryclean,Carpet dryclean"
"All present online laundry","N/A","12/1314, near Ghiya hospital, Sector 14, Sector 12, Malviya Nagar, Jaipur, Rajasthan 302017","5.0","42","Services: Quilt cleaning,Delivery,Drapery & window cover cleaning,Dry cleaning,General bedding cleaning,General clothes drying,Clothes ironing and washing,Steam ironing"
"Mahalaxmi Dry Cleaners","098285 03754","Plot n.o, 188, Ganesh Marg, Shri Gopal Nagar, Jaipur, Rajasthan 302015","4.5","143","Services: Carpet and rug cleaning,Coat & jacket alterations,Special care fabric cleaning,Jackets,Dry cleaning"
"Lavekart Laundry","098298 78118","A, 140, Shanti Prakash Marg, Agrasen Nagar, Shankar Nagar, Jaipur, Rajasthan 302002","4.8","30","Services: Ironing,General clothes drying,Laundry wash and fold,Clothes dyeing,Special care fabric cleaning,Self-service laundry,Leather and suede cleaning,Delivery,Dry cleaning,Drapery & window cover cleaning,Party dress cleaning,Baby clothes cleaning,General bedding cleaning,Laundry pick-up,Wedding gown preservation,Bag Cleaning,Blanket Wash,Carpet Cleaning,Clean Wash,Cloth Washing,Cry Cleaning,Curtains Cleaning,Dry Cleaning,Dry Cleaning And Cloth Ironing Service In Jaipur,Dry Wash Service,Express Delivery,Express Laundry,Fabric Care,Home Services,Ironing Laundry,Ironing Service,Laundry And Dry,Laundry By Kilo,On Demand Service,Online Laundry,Personalized Service,Pick Up,Pickup & Delivery,Pickup And Delivery,Premium Dry Cleaners,Premium Laundry,Quick Service,Schedule Pickup,Shoes Cleaning,Shorting,Softner,Specialized Care,Standard Services,Steam Ironing,Treatment,Wash & Fold Laundry,Wash And Steam Iron"
"Tumbledry Dry Clean & Laundry Service","076772 50250","18, Balaji Market, Vidhan Sabha Nagar, near VT Circle, Radha kunj, Dholai, Jaipur, Rajasthan 302020","5.0","35","Services: Quilt cleaning,Ironing,Laundry wash and fold,Carpet and rug cleaning,Special care fabric cleaning,Leather and suede cleaning,Jackets,Delivery,Online dry cleaner booking,Dry cleaning,Drapery & window cover cleaning,Laundry pick-up,Wedding dress cleaning,Art Dry Cleaning,Bag Cleaning,Blanket & Quilt Dry Cleaning,Canvas Shoes Dry Cleaning,Carpet Cleaning,Carpet Dry Cleaning,Coat & Blazer Dry Cleaning,Color Enhancement After Dry Cleaning,Curtain & Blinds Dry Cleaning,Curtain Dry Cleaning Service,Curtain Ring Replacement,Customized Treatment,Damaged Collar Replacement,Darning,Deep Cleaning,Dry Cleaning & Laundry,Dry Cleaning Facility,Free Pickup,Handbag Dry Cleaning,Haute Couture Dry Cleaning,Heel Replacement,Inner Lining Replacement,Inner Sole Replacement,Jacket Dry Cleaning,Laces Replacement,Leather & Suede,Leather & Suede Shoes Dry Cleaning,Leather Bag Dry Cleaning,Leather Dry Cleaning,Lehenga & Bridal Wear Dry Cleaning,Packing,Re Coloring,Saree Dry Cleaning,Silk Sarees,Soft Toys Dry Cleaning,Sole Pasting,Sorting & Inspection,Sports Shoes Dry Cleaning,Stain Removal,Stain Treatment,Steam Iron,Steam Ironing,Whitening After Dry Cleaning,Women Kurta & Salwar Dry Cleaning,Woolen & Shawl Dry Cleaning,Woolen Garments,Woolens Dry Cleaning,Premium Laundry,Wash & Steam Ironing,Wash & fold service"
"The wash cleaner Dry Clean & Laundry Service","N/A","Plot No - 493, Jan Path, Rani Sati Nagar, Nirman Nagar, Brijlalpura, Jaipur, Rajasthan 302019","5.0","27","Services: Industrial laundry,Eco-friendly cleaning,Organic dry cleaning,Quilt cleaning,Clothes pressing,Ironing,Laundry wash and fold,Carpet and rug cleaning,Couches/sofas,Leather and suede cleaning,Jackets,Hat cleaning,Delivery,Online dry cleaner booking,Dry cleaning,Drapery & window cover cleaning,Laundry pick-up,Commercial service,Wedding gown preservation,Wedding dress cleaning"
"Blossom Launderers & Dry Cleaners","073575 41618","566A, Lane No. 7, Raja Park, Jaipur, Rajasthan 302004","4.7","30","Services: Laundry wash and fold,Carpet and rug cleaning,Special care fabric cleaning,Leather and suede cleaning,Dry cleaning,Bag cleaning,Curtain cleaning,Laundry wash & iron,Shoe cleaning,Sofa cleaning,Soft toy cleaning,Steam ironing"
"Tumbledry Dry Clean & Laundry Service","076772 50250","193, CS-14, near NRI Circle, Sector 19, Pratap Nagar, Jaipur, Rajasthan 302033","4.4","53","Services: Ironing,Laundry wash and fold,Carpet and rug cleaning,Self-service laundry,Leather and suede cleaning,Dry cleaning,Art Dry Cleaning,Bag Cleaning,Blanket & Quilt Dry Cleaning,Canvas Shoes Dry Cleaning,Carpet Cleaning,Carpet Dry Cleaning,Coat & Blazer Dry Cleaning,Color Enhancement After Dry Cleaning,Curtain & Blinds Dry Cleaning,Curtain Dry Cleaning Service,Curtain Ring Replacement,Customized Treatment,Damaged Collar Replacement,Darning,Deep Cleaning,Dry Cleaning & Laundry,Dry Cleaning Facility,Free Pickup,Handbag Dry Cleaning,Haute Couture Dry Cleaning,Heel Replacement,Inner Lining Replacement,Inner Sole Replacement,Jacket Dry Cleaning,Laces Replacement,Leather & Suede,Leather & Suede Shoes Dry Cleaning,Leather Bag Dry Cleaning,Leather Dry Cleaning,Lehenga & Bridal Wear Dry Cleaning,Packing,Re Coloring,Saree Dry Cleaning,Shoe Cleaning,Shoe Laundry,Silk Sarees,Soft Toys Dry Cleaning,Sole Pasting,Sorting & Inspection,Sports Shoes Dry Cleaning,Stain Removal,Stain Treatment,Steam Iron,Steam Ironing,Vacuum Packing,Wash & Steam Iron,Whitening After Dry Cleaning,Women Kurta & Salwar Dry Cleaning,Woolen & Shawl Dry Cleaning,Woolen Garments,Woolens Dry Cleaning,Premium Laundry,Wash & Steam Ironing,Wash & fold service"
"Colors Drycleaners","N/A","70/41, Patel Marg, opposite Rastogi Gas Agency, Mansarovar Sector 7, Agarwal Farm, Sector 9, Mansarovar, Jaipur, Rajasthan 302020","4.7","77","Services: Deep clean,Clothes pressing,Ironing,Laundry wash and fold,Car wash,Carpet and rug cleaning,Self-service laundry,Delivery,Dry cleaning,Laundry pick-up,Wedding gown preservation,Wedding dress cleaning,All types clothes dry cleaning,Bag Cleaning,Bag Up,Car Dry Cleaners,Car Dry Cleaning,Car Dry Wash,Car Interior,Carpet Dry Cleaners,Carpet Dry Cleaning,Cleaning & Ironing,Clothes Clean,Clothes Washing,Curtain Cleaning,Curtain Dry Cleaning,Deep Cleaning,Disinfection Services,Dry Cleaning Clothes,Dry Cleaning Laundry Services,Express Laundry,Free Pick & Drop,Free Pickup,Free Pickup & Delivery,Health Care,Home Furnishing,Home Sanitization,Ironing Clothes,Mattress Dry cleaning,Medical Assistance,Office Furniture Dry cleaning,Onsite Cleaning,Pick Up And Deliver,Pick Up And Delivery,Shoe Drycleaners,Shoes (Sports & Leather) Dry Cleaning,Shoes Dry Cleaning,Sofa Dry Cleaning,Sofa Washing,Stain Removal,Steam Cleaning,Tiles Cleaning,Travel Bags, School Bags, Business Bags, Laptop Bags, Ladies Purse,Wash Laundry,Wedding Dress Preservation,Wedding Dresses Dry Clean"
"Amritsari Drycleaners","076654 38885","30, Gopal Ji Ka Rasta, Johri Bazar, Bapu Bazar, Biseswarji, Jaipur, Rajasthan 302003","4.3","22","Services: Ironing,Self-service laundry,Delivery,Dry cleaning,Dyeing,Home Services,Individual Packing,Internet Service,Laundry & Dry Cleaning,Laundry And Drycleaning,Organic Wash,Petrol Wash,Premium Laundry,Roll Polish,Shoe Laundry,Spot Cleaning,Steam Iron"
"WELLDONE LAUNDROMATS","079765 07594","A 129, Gopalpura Bypass Rd, B Block, Narayan Vihar, Jaipur, Rajasthan 302020","4.7","30","Services: Ironing,Laundry wash and fold,Delivery,Dry cleaning,General bedding cleaning,Laundry pick-up,Carpet and rug cleaning,Couches/sofas,Coat & jacket alterations,Commercial service"
"Take it clean","090018 88955","C, 23, Patrakar Colony Rd, Sheer Sagar Patarkar Colony, Mansarovar, Jaipur, Rajasthan 302020","4.5","113","Services: Eco-friendly cleaning,Organic dry cleaning,Quilt cleaning,Clothes pressing,Laundry wash and fold,Carpet and rug cleaning,Couches/sofas,Special care fabric cleaning,Leather and suede cleaning,Jackets,Online dry cleaner booking,Dry cleaning,Laundry pick-up,Wedding gown preservation,Wedding dress cleaning,Bulk Laundry,Emergency Services,Garment Care,Hvac Repair,Laundry & Dry Cleaning,Personalized Service,Pickup And Delivery,Shoe Cleaning Services,Sofa & Toy Cleaning,Stain Removal,Steam Iron,shoes laundry,Jordans Dry Clean,Shoes Cleaning Service,Shoes Dry Cleaning,Sneakers Dry Clean,Sports Shoes Dry Clean"
"Tumbledry Dry Clean & Laundry Service","076772 50250","68, Sardar Patel Marg, opposite BSNL Office, C-Scheme, C Scheme, Hathroi, Jaipur, Rajasthan 302001","3.6","44","Services: Leather and suede cleaning,Delivery,Art Dry Cleaning,Bag Cleaning,Blanket & Quilt Dry Cleaning,Canvas Shoes Dry Cleaning,Carpet Cleaning,Carpet Dry Cleaning,Coat & Blazer Dry Cleaning,Color Enhancement After Dry Cleaning,Curtain & Blinds Dry Cleaning,Curtain Dry Cleaning Service,Curtain Ring Replacement,Customized Treatment,Damaged Collar Replacement,Darning,Deep Cleaning,Dry Cleaning & Laundry,Dry Cleaning Facility,Free Pickup,Handbag Dry Cleaning,Haute Couture Dry Cleaning,Heel Replacement,Inner Lining Replacement,Inner Sole Replacement,Jacket Dry Cleaning,Laces Replacement,Leather & Suede,Leather & Suede Shoes Dry Cleaning,Leather Bag Dry Cleaning,Leather Dry Cleaning,Lehenga & Bridal Wear Dry Cleaning,Packing,Re Coloring,Saree Dry Cleaning,Silk Sarees,Soft Toys Dry Cleaning,Sole Pasting,Sorting & Inspection,Sports Shoes Dry Cleaning,Stain Removal,Stain Treatment,Steam Iron,Steam Ironing,Whitening After Dry Cleaning,Women Kurta & Salwar Dry Cleaning,Woolen & Shawl Dry Cleaning,Woolen Garments,Woolens Dry Cleaning,Premium Laundry,Wash & Steam Ironing,Wash & fold service"
"Tumbledry Dry Clean & Laundry Service","076772 50250","Shop No 1, 2, 3, Sirsi Rd, opposite Union Bank, Mangal Nagar, Kanakpura, Jaipur, Rajasthan 302012","4.5","22","Services: Leather and suede cleaning,Laundry pick-up,Art Dry Cleaning,Bag Cleaning,Blanket & Quilt Dry Cleaning,Canvas Shoes Dry Cleaning,Carpet Cleaning,Carpet Dry Cleaning,Coat & Blazer Dry Cleaning,Color Enhancement After Dry Cleaning,Curtain & Blinds Dry Cleaning,Curtain Dry Cleaning Service,Curtain Ring Replacement,Customized Treatment,Damaged Collar Replacement,Darning,Deep Cleaning,Dry Cleaning & Laundry,Dry Cleaning Facility,Free Pickup,Handbag Dry Cleaning,Haute Couture Dry Cleaning,Heel Replacement,Inner Lining Replacement,Inner Sole Replacement,Jacket Dry Cleaning,Laces Replacement,Leather & Suede,Leather & Suede Shoes Dry Cleaning,Leather Bag Dry Cleaning,Leather Dry Cleaning,Lehenga & Bridal Wear Dry Cleaning,Packing,Re Coloring,Saree Dry Cleaning,Silk Sarees,Soft Toys Dry Cleaning,Sole Pasting,Sorting & Inspection,Sports Shoes Dry Cleaning,Stain Removal,Stain Treatment,Steam Iron,Steam Ironing,Whitening After Dry Cleaning,Women Kurta & Salwar Dry Cleaning,Woolen & Shawl Dry Cleaning,Woolen Garments,Woolens Dry Cleaning,Premium Laundry,Wash & Steam Ironing,Wash & fold service"
"Saaz Dry Cleaners","098298 85855","338, Sewa Sadan Marg, Gurunanak Pura, Bees Dukan, Adarsh Nagar, Jaipur, Rajasthan 302004","4.6","32","Services: Car wash,Delivery,Dry cleaning,Bed Linen,Car Cleaning,Carpet Cleaning,Carpet Dryclean,Cloth Dyeing,Dry Cleaning Clothes,Dry Cleaning Home,Dryclean Dress,Dryclean Jacket,Dryclean Shirt,Formal Wear,Free Pick Up & Drop,Household Textiles,Office Chairs Cleaning,Party Wear,Pick Up & Delivery,Pick Up And Deliver,Shirt Dry Cleaning,Shoes Dry Clean,Sofa Cleaning,Sofa Dry,Sofa Dryclean,Sofa Set,Upholstery Cleaning,Wedding Dresses"
"Laundry service","090575 18998","30, Jain Mandir Marg, Shilp Colony, New Colony, Jhotwara, Jaipur, Rajasthan 302012","5.0","6","Services: Laundry wash and fold,Self-service laundry,Delivery,Dry cleaning,General bedding cleaning,Clothing Cleaning,Laundry Cleaning,Online Laundry,Pickup And Delivery,Shoes Ans Blanket Dry Clean,Wash And Fold Laundry,Wash And Steam Iron"
"The Ironman","096022 29977","D 41 Dwarka Puri, Sanjay Colony, Nehru Nagar, Jaipur, Rajasthan 302016","4.9","8","Services: Quilt cleaning,Ironing,General clothes drying,Clothing alterations & repairs,Laundry wash and fold,Special care fabric cleaning,Leather and suede cleaning,Delivery,Dry cleaning,Drapery & window cover cleaning,General bedding cleaning,Laundry pick-up,Wedding gown preservation,Cleaning Service,Dry Cleaning,Pickup And Delivery,Washing & Ironing"
"Bhawani Dry Cleaners -Shastri Nagar A perfect Dry clean Solution Since 1978","080037 58742","Shop No. 8 9 10 Jp colony, Amani Shah Rd, Sector 1, Shastri Nagar, Jaipur, Rajasthan 302016","4.9","25","Services: Industrial laundry,Quilt cleaning,Clothes pressing,Carpet and rug cleaning,Couches/sofas,Coat & jacket alterations,Special care fabric cleaning,Self-service laundry,Jackets,Online dry cleaner booking,Dry cleaning,Drapery & window cover cleaning,Alterations,General bedding cleaning,Laundry pick-up,Wedding gown preservation,Wedding dress cleaning"
"Dhara dry cleaner's","089551 13938","D-1 Gali No.9 Kusum vihar, skit road, jagatpura, Jaipur, Rajasthan 302017","4.8","82","Services: Ironing,Laundry wash and fold,Special care fabric cleaning,Self-service laundry,Leather and suede cleaning,Delivery,Dry cleaning,General bedding cleaning,Laundry pick-up,Wedding gown preservation,Blanket,Car dryclean,Carpet dryclean,Chair dryclean,Charak,Curtion dryclean,Leather jacket dryclean,Leather shoes dryclean,Mattres dryclean,Rafu,Rangai,Shoes dryclean,Sofa dry clean,Steam press,Teddy dryclean"
"Kalra Dry Cleaners","094144 70383","VQC4+29C, Swarn Path, Mansarovar Sector 31, Mansarovar Sector 3, Mansarovar, Jaipur, Rajasthan 302020","4.5","25","N/A"
"Shree Ram Drycleaners and laundry services ( Since 1991)","098870 55145","Agra Rd, Baldeogarh, Jaipur, Rajasthan 302031","4.9","16","Services: Industrial laundry,Eco-friendly cleaning,Organic dry cleaning,Clothes pressing,Ironing,Laundry wash and fold,Carpet and rug cleaning,Coat & jacket alterations,Special care fabric cleaning,Self-service laundry,Leather and suede cleaning,Jackets,Hat cleaning,Online dry cleaner booking,Dry cleaning,Laundry pick-up,Commercial service,Wedding gown preservation,Wedding dress cleaning,Shirts"
"Shilpayan Dry Cleaners","098295 54433","Janta Store Cir, Kailash Nagar, Bapu Nagar, Jaipur, Rajasthan 302015","4.4","9","N/A"
"Dry Xpress","N/A","near SwapanLok building, Laxmi Nagar, Ward Number 7, Jhotwara Industrial Area, Jhotwara, Jaipur, Rajasthan 302012","5.0","100","N/A"
"New Amritsari Drycleaners","076654 38885","Mayur Tower, G - 3 -A, Nehru Bazar, Film Colony, Modikhana, Jaipur, Rajasthan 302003","5.0","18","Services: Organic dry cleaning,Ironing,Delivery,Dry cleaning,DRYCLEANERS,Laundry wash and fold,Wash And Iron,Wet Cleaning"
"Tumbledry Dry Clean & Laundry Service","076772 50250","Golden Heights, B-201, Rajendra Marg, Bapu Nagar, Jaipur, Rajasthan 302015","3.5","26","Services: Carpet and rug cleaning,Online dry cleaner booking,Dry cleaning,General bedding cleaning,Art Dry Cleaning,Bag Cleaning,Blanket & Quilt Dry Cleaning,Canvas Shoes Dry Cleaning,Carpet Cleaning,Carpet Dry Cleaning,Coat & Blazer Dry Cleaning,Color Enhancement After Dry Cleaning,Curtain & Blinds Dry Cleaning,Curtain Dry Cleaning Service,Curtain Ring Replacement,Customized Treatment,Damaged Collar Replacement,Darning,Deep Cleaning,Dry Cleaning & Laundry,Dry Cleaning Facility,Free Pickup,Hand Bag Dry Cleaning,Haute Couture Dry Cleaning,Heel Replacement,Inner Lining Replacement,Inner Sole Replacement,Jacket Dry Cleaning,Laces Replacement,Leather & Suede,Leather & Suede Shoes Dry Cleaning,Leather Bag Dry Cleaning,Leather Dry Cleaning,Lehenga & Bridal Wear Dry Cleaning,Packing,Re Coloring,Saree Dry Cleaning,Silk Sarees,Soft Toys Dry Cleaning,Sole Pasting,Sorting & Inspection,Sport Shoes Dry Cleaning,Stain Removal,Stain Treatment,Steam Iron,Whitening After Dry Cleaning,Women Kurta & Salwar Dry Cleaning,Woolen & Shawl Dry Cleaning,Woolen Garments,Woolens Dry Cleaning,Steam Ironing,Wash & Fold,Wash & Steam Iron"
"UClean Laundry| Dry Cleaning| Shoe Cleaning","099997 59911","Shop No G-3, Vaishnavi Tower, Sector 2, Sector-1, Vidyadhar Nagar, Jaipur, Rajasthan 302029","4.9","9","Services: Quilt cleaning,Ironing,General clothes drying,Laundry wash and fold,Special care fabric cleaning,Self-service laundry,Leather and suede cleaning,Delivery,Dry cleaning,Drapery & window cover cleaning,General bedding cleaning,Laundry pick-up,100% Sanitized Clothes,Bag Cleaning,Bulk Washing,Car Cleaning,Carpet Cleaning,Cleaning And Disinfecting,Cleaning Process,Cleaning Up,Clothes Cleaned,Curtain Cleaning,Custom Packaging Fold Or Hang,Doorstep Pick Up And Drop,Drapes Clean,Dry Cleaners,Emergency Service,Express Service,Green Certified Detergents,Home Cleaning Services,Ironing Clothes,Kg Wash,Laundry & Dry Cleaning,Laundry By Kg,Laundry By Kilo,Laundry Process,Laundry Wash And Fold,Laundry Wash And Iron,Live Laundry,Normal Cleaning,On Demand Service Also Available,Personalized Care,Pickup & Drop,Premium Laundry,Quick Service,Safe Service,Shoe Cleaning,Sofa Cleaning,Stain Removal,Stain Treatment,Steam Sterilization,Vacuum Steam Iron,Wash & Fold (By Kg),Wash & Iron (By Kg),Wash My Clothes,Washing Machine,Washing Process,Water Cleaning"
"Tumbledry Dry Clean & Laundry Service","076772 50250","Vaishali Tower II, B-6, Nursery Cir, Acharya Vinoba Bhave Nagar, B Block, Vaishali Nagar, Jaipur, Rajasthan 302021","3.6","46","Services: Coat & jacket alterations,Special care fabric cleaning,Dry cleaning,Laundry pick-up,Blanket & Quilt Dry Cleaning,Canvas Shoes Dry Cleaning,Carpet Cleaning,Carpet Dry Cleaning,Coat & Blazer Dry Cleaning,Color Enhancement After Dry Cleaning,Curtain & Blinds Dry Cleaning,Curtain Dry Cleaning,Damaged Collar Replacement,Darning,Deep Cleaning,Dry Cleaning & Laundry,Hand Bag Dry Cleaning,Haute Couture Dry Cleaning,Heel Replacement,Inner Lining Replacement,Inner Sole Replacement,Jacket Dry Cleaning,Laces Replacement,Leather & Suede,Leather & Suede Shoes Dry Cleaning,Leather Bag Dry Cleaning,Leather Dry Cleaning,Lehenga & Bridal Wear Dry Cleaning,Packing,Re Coloring,Saree Dry Cleaning,Shoes/Bag Cleaning & Restoration,Silk Sarees,Soft Toys Dry Cleaning,Sole Pasting,Sorting & Inspection,Sport Shoes Dry Cleaning,Stain Removal,Stain Treatment,Steam Iron,Whitening After Dry Cleaning,Women Kurta & Salwar Dry Cleaning,Woolen & Shawl Dry Cleaning,Steam Ironing,Wash & Fold,Wash & Steam Iron"
"Siddhivinayak Dry Cleaners & Dayer's","099281 27687","Shop no. 3, Siddhivinayak dryclean, Kamla Nehru Nagar Rd, near gokul vatika, Kana Vihar, Jaipur, Rajasthan 302021","4.9","21","Services: Ironing,Car wash,Carpet and rug cleaning,Couches/sofas,Coat & jacket alterations,Leather and suede cleaning,Jackets,Delivery,Online dry cleaner booking,Dry cleaning,Drapery & window cover cleaning,Laundry pick-up,Commercial service,Wedding gown preservation"
"Laundry Caffe","082390 55411","A-5, Vaishali Marg W, Vasant Vihar, Panchyawala, Jaipur, Rajasthan 302034","4.9","9","Services: Ironing,Laundry wash and fold,Special care fabric cleaning,Self-service laundry,Delivery,Dry cleaning,General bedding cleaning,Laundry pick-up,Business Laundry,Coin Laundry,Commercial Laundry,Delivery Service,Dry Cleaner,Dry Cleaning,Home Laundry Service,Laundry And Dry,Laundry Cleaning,Residential Laundry,Washing Machines"
"Laxmi Drycleaners","098878 29217","Plot no. 61, 200 Feet Bypass Rd, Ganesh Nagar, Rajni Vihar, Tagore Nagar, Jaipur, Rajasthan 302021","5.0","66","Services: Ironing,Carpet and rug cleaning,Couches/sofas,Special care fabric cleaning,Leather and suede cleaning,Jackets,Dry cleaning,General bedding cleaning,Commercial service,Wedding gown preservation,3 pic suit,5 SEATER SOFA,Bags drycleane,Bookings for marriage & parties,Carpet dryclean,Curtain steam press and drycleane,Curtains dryclean,Shoe drycleane,Sofa dryclean,Trolley bag drycleane,white linen shirt"
"Bharat Dry Cleaners & Laundry","N/A","30-B, behind Baagwan Marriage Garden, Industrial Area, Van Vihar Colony, Kartarpur, Gopal Pura Mode, Jaipur, Rajasthan 302006","5.0","13","Services: Ironing,General clothes drying,Clothing alterations & repairs,Laundry wash and fold,Clothes dyeing,Special care fabric cleaning,Self-service laundry,Leather and suede cleaning,Dry cleaning,Drapery & window cover cleaning,Party dress cleaning,Baby clothes cleaning,General bedding cleaning,Laundry pick-up,Wedding gown preservation,dry cleaners in jaipur,laundry service,sofa dry cleaners"
"Tumbledry Dry Clean & Laundry Service","076772 50250","Shop No 55, Tonk Rd, opp. Jaipur Hospital, Mahaveer Nagar, Jaipur, Rajasthan 302017","3.5","34","Services: Laundry wash and fold,Carpet and rug cleaning,Special care fabric cleaning,Dry cleaning,Laundry pick-up,Art Dry Cleaning,Bag Cleaning,Blanket & Quilt Dry Cleaning,Canvas Shoes Dry Cleaning,Carpet Cleaning,Carpet Dry Cleaning,Coat & Blazer Dry Cleaning,Color Enhancement After Dry Cleaning,Curtain & Blinds Dry Cleaning,Curtain Dry Cleaning Service,Curtain Ring Replacement,Customized Treatment,Damaged Collar Replacement,Darning,Deep Cleaning,Dry Cleaning & Laundry,Dry Cleaning Facility,Free Pickup,Hand Bag Dry Cleaning,Haute Couture Dry Cleaning,Heel Replacement,Inner Lining Replacement,Inner Sole Replacement,Jacket Dry Cleaning,Laces Replacement,Leather & Suede,Leather & Suede Shoes Dry Cleaning,Leather Bag Dry Cleaning,Leather Dry Cleaning,Lehenga & Bridal Wear Dry Cleaning,Packing,Re Coloring,Saree Dry Cleaning,Silk Sarees,Soft Toys Dry Cleaning,Sole Pasting,Sorting & Inspection,Sport Shoes Dry Cleaning,Stain Removal,Stain Treatment,Steam Iron,Whitening After Dry Cleaning,Women Kurta & Salwar Dry Cleaning,Woolen & Shawl Dry Cleaning,Woolen Garments,Woolens Dry Cleaning,Steam Ironing,Wash & Fold,Wash & Steam Iron"
"New ganesham dry cleaners & laundry Services","N/A","Jagatpura, Jaipur, Rajasthan 302017","5.0","17","N/A"
"Urban Dhobi","072328 81888","31C, Model Town - B, Vishnupuri, Model Town, Jagatpura, Jaipur, Rajasthan 302017","2.8","109","N/A"
"The Laundry House","092520 05500","Ground Floor, Plot No. 177, Vaishali Marg, Nemi Sagar Colony, Vaishali Nagar, Jaipur, Rajasthan 302021","5.0","12","Services: Carpet and rug cleaning,Clothes pressing,Drapery & window cover cleaning,Dry cleaning,Eco-friendly cleaning,General bedding cleaning,Hat cleaning,Ironing,Laundry pick-up,Laundry wash and fold,Leather and suede cleaning,Organic dry cleaning,Quilt cleaning,Special care fabric cleaning,Wedding dress cleaning"
"Ganesham Dry Cleaner's","097838 25825","Jagatpura, Jaipur, Rajasthan 302017","4.5","40","N/A"
"A1 Drycleaners - Best Drycleaners in Jaipur","070148 63478","186, Padmawati Colony A, Kings Rd, Nirman Nagar, Jaipur, Rajasthan 302019","5.0","33","Services: Carpet and rug cleaning,Car wash,Commercial service,Couches/sofas,Delivery,Drapery & window cover cleaning,Dry cleaning,Eco-friendly cleaning,General bedding cleaning,Hat cleaning,Industrial laundry,Ironing,Jackets,Online dry cleaner booking,Organic dry cleaning,Quilt cleaning,Special care fabric cleaning,Wedding dress cleaning,Shoes Dryclean"
"Washmart Laundry & Dryclean","1800 891 3588","90, Sumer Nagar 1, Isckon Road, Extension, behind Vinayak Garden, Mansarovar, Jaipur, Rajasthan 302020","4.6","18","Services: Eco-friendly cleaning,Organic dry cleaning,Embroidery,Clothes pressing,Ironing,Clothing alterations & repairs,Laundry wash and fold,Car wash,Carpet and rug cleaning,Special care fabric cleaning,Self-service laundry,Leather and suede cleaning,Jackets,Delivery,Online dry cleaner booking,Dry cleaning,Drapery & window cover cleaning,Alterations,General bedding cleaning,Laundry pick-up,Wedding dress cleaning,Bag Cleaning,Carpet Cleaning,Cleaning Ironing,Clothes Cleaned,Curtains Cleaning,Dry Cleaners in Jaipur,Dry cleaners near me,Eco-Friendly Laundry,Express Cleaning,Fabric Care,Free Pick Up And Delivery,Free Pickup,Garment Alterations,Home Cleaning,Kids Wear,Laundry & Dry Cleaning,Laundry & Dryclean,Laundry Facilities,Laundry Service in Jaipur,Laundry Service near me,Leather/Suede/Furs,Mattress Cleaning,Men's Wear,Monthly Cleaning,Online Laundry,Pickup And Delivery,Premium Laundry,Regular Cleaning,Request Pickup,Same Day Delivery,Shoes Cleaning,Sofa Cleaning,Specialized Cleaning,Stain Removal,Steam Press,Wash & Fold,Wash & Iron,Wedding Gowns,Women's Wear,Woolen Laundry,dry cleaning in jaipur"
"Dry Cleaners in Jaipur, Laundry, Shoes, Sofa Dry Cleaning","099508 23272","D-35, Anand Vihar Colony, Murlipura, Jaipur, Rajasthan 302039","4.2","5","Services: Ironing,Laundry wash and fold,Car wash,Carpet and rug cleaning,Self-service laundry,Leather and suede cleaning,Delivery,Dry cleaning,Domestic Washing,Laundry Services,Shoes Cleaning,Soft Toy Cleaning,Upholstery Cleaning"
"S.R. Laundary Wala","N/A","PLOT NO. D, 176, near Jagatpura Flyover, Anand Vihar, Vidhyadhar Nagar, Railway Colony, Jagatpura, Jaipur, Rajasthan 302017","5.0","41","Services: Ironing,Laundry wash and fold,Coat & jacket alterations,Delivery,Dry cleaning,Laundry pick-up"
"Shivam Dry Cleaners - Shastri Nagar A Perfect Dry-Clean Solution Since 1981","N/A","Sector No.1, Shop No.36, Amanishah, Main St, J P Colony, Shastri Nagar, Jaipur, Rajasthan 302016","4.8","16","Services: Industrial laundry,Eco-friendly cleaning,Organic dry cleaning,Quilt cleaning,Clothes pressing,Ironing,Clothing alterations & repairs,Laundry wash and fold,Car wash,Carpet and rug cleaning,Couches/sofas,Coat & jacket alterations,Special care fabric cleaning,Self-service laundry,Leather and suede cleaning,Jackets,Hat cleaning,Delivery,Online dry cleaner booking,Dry cleaning,Drapery & window cover cleaning,Alterations,General bedding cleaning,Laundry pick-up,Commercial service,Wedding gown preservation,Wedding dress cleaning,Shoe Cleaning"
"Mycleaners Dry Clean & Laundry Vaishali Nagar","093588 83388","C, 119, Chitrakoot Marg, near Icici Bank, Vidyut Nagar, Vaishali Nagar, Jaipur, Rajasthan 302021","4.8","33","Services: Carpet and rug cleaning,Car wash,Clothes pressing,Clothing alterations & repairs,Coat & jacket alterations,Quilt cleaning,Dry cleaning,Ironing,Laundry pick-up,Laundry wash and fold,Online dry cleaner booking,Self-service laundry,Special care fabric cleaning"
"Snowhite Dry Cleaners","098297 12528","370, Mirza Ismail Rd, Jayanti Market, New Colony, Jaipur, Rajasthan 302001","3.6","18","Services: Ironing,Dry cleaning,Dry Cleaners,Dry-Cleaning,Laundry , Mending"
"German tumble laundry","092163 65013","qvx9+gxc samriddhi residency,jeevan rekha marg, karolan ka barh, near Kendriya Vihar 2 Road, Jagatpura, Rajasthan 303905","5.0","6","Services: Ironing,Laundry wash and fold,Clothes dyeing,Special care fabric cleaning,Self-service laundry,Delivery,Dry cleaning,Drapery & window cover cleaning,Party dress cleaning,Baby clothes cleaning,General bedding cleaning,Laundry pick-up,Wedding gown preservation"
"Pink City Dry Cleaners","0141 257 0633","3rd Crossing, Opposite Swetamber School, Ghee Walon Ka Rasta, 3rd Crossing, Opposite Swetamber School, Ghee Walon Ka Rasta, Badi Choper, Johari Bazar, Jaipur, Rajasthan 302003","3.9","12","N/A"
"THE WASH STUDIO","089055 39890","105/96, Vijay Path, Sector 101, Sector 102, Mansarovar, Jaipur, Rajasthan 302020","2.6","82","N/A"
"Btech DryCleaners","090245 89251","40-A, Shiv Shakti Nagar, Kings Rd, opp. Royal Collection, Nirman Nagar, Jaipur, Rajasthan 302019","4.7","12","Services: Organic dry cleaning,Clothes pressing,Laundry wash and fold,Carpet and rug cleaning,Self-service laundry,Leather and suede cleaning,Delivery,Dry cleaning,Laundry pick-up,Carpet Cleaning,Curtain Cleaning,Doorstep Delivery,Doorstep Pickup,Dry Cleaning,Dry Clothes,For Washing,Free Pickup & Drop,Online Laundry Services,Pick Up,Premium Laundry,Shoe Cleaned,Shoe Spa,Sofa Cleaning,Steam Press,Urgent Laundry & Drycleaning,We Deliver Clean, Folded Clothes,Wrinkle Free"
"Suresh Dryclines","090011 24572","222, Kagdiwada, Madarashi Baba Ki Bagichi Ka Samne Shankar Nagar Mount Road, Jaipur, Rajasthan 302002","4.9","7","N/A"
"Glow White Dry- Cleaners","0141 271 9055","VRR5+4V2, Kailash Nagar, Bapu Nagar, Jaipur, Rajasthan 302015","4.4","10","N/A"
"Sunshine Laundry Services","N/A","H- 2164, Ramchandrapura Ind. Area, near Poornima Univ, Tuwariyan Ki Dhani, Vidhani, Rajasthan 303905","4.9","11","N/A"
"Naaz Drycleaners & Dyers","089499 00887","Sunshine Krishna 3, Gopalpura Bypass Rd, near Triveni flyover, Vishveshvariya Nagar, Arjun Nagar, Jaipur, Rajasthan 302018","4.2","5","Services: Ironing,Carpet and rug cleaning,Couches/sofas,Coat & jacket alterations,Leather and suede cleaning,Jackets,Delivery,Dry cleaning,Drapery & window cover cleaning,Laundry pick-up,Wedding gown preservation,Dyeing,Rafu,Saree Charak"
"The Laundry Store","077279 81293","Shop No G-2, Guru Kripa Building, Pt, Pandit TN Mishra Marg, Nirman Nagar, Jaipur, Rajasthan 302019","4.6","10","Services: Laundry pick-up,Quilt cleaning,Dry cleaning,Ironing,Leather and suede cleaning,Laundry wash and fold,Wedding dress cleaning,Wash and Fold,Wash and Iron,Premium Laundry,Shoe Drycleaning,Express Laundry,Laundry by Kg"
"Sk drycleaner","070235 75698","269A, Sindhi Colony, Jaipur, Rajasthan 302004","4.8","6","Services: Delivery,Dry cleaning,Laundry pick-up,Laundry wash and fold"
"Naaz Dry Cleaners","0141 220 0554","Shop No. G.3, Hospital, Laxmi Villa Apartment, Kabir Marg, near Bani Park, Subash Nagar, Sen Colony, Bani Park, Jaipur, Rajasthan 302006","3.6","13","N/A"
"Shivam Drycleaners - Vidhyadhar Nagar A Perfect Dry-Clean Solution Since 1981","094606 33714","Shop No.21, Riddhi Siddhi Tower, manipal Hospital, Sikar Rd, near S.K. Soni, Sector 2, Sector 5, Vidyadhar Nagar, Jaipur, Rajasthan 302023","5.0","22","Services: Quilt cleaning,Clothes pressing,Ironing,Clothing alterations & repairs,Laundry wash and fold,Car wash,Carpet and rug cleaning,Couches/sofas,Coat & jacket alterations,Special care fabric cleaning,Self-service laundry,Leather and suede cleaning,Jackets,Delivery,Online dry cleaner booking,Dry cleaning,Drapery & window cover cleaning,Alterations,General bedding cleaning,Laundry pick-up,Commercial service,Wedding gown preservation,Wedding dress cleaning"
"Jagdamba Dry Cleaners","0141 279 3190","80, 145, Sector 8, Sector 6, Pratap Nagar, Jaipur, Rajasthan 302033","4.5","8","Services: Ironing,Laundry wash and fold,Car wash,Carpet and rug cleaning,Couches/sofas,Coat & jacket alterations,Special care fabric cleaning,Leather and suede cleaning,Jackets,Online dry cleaner booking,Dry cleaning,Drapery & window cover cleaning,General bedding cleaning,Wedding gown preservation"
"Sparkle Dry Cleaners","0141 240 0137","Agarwal Farm, Shop No Plot No 119 562, 1, Thadi Market, Mansarovar, Jaipur, Rajasthan 302020","4.6","5","Services: Clothes pressing,Ironing,Carpet and rug cleaning,Dry cleaning,All type of cloths dry-cleaning, steam Iron, all type shoes dry-cleaning, sofa, carpet, curtain dryclean,Carpet Dry-cleaning,Sari Dry-cleaning,Shirt Dry-cleaning,Shoes dry-cleaning,Sofa Dry-cleaning,Steam Press,Trousers/Jeans Dry-cleaning"
"Wow Service | Dry Cleaning and Laundry Services in Jaipur","N/A","150/21, Mansarovar Sector 7, Shipra Path, Barh Devariya, Mansarovar, Jaipur, Rajasthan 302020","5.0","4","Services: Quilt cleaning,Ironing,General clothes drying,Clothing alterations & repairs,Laundry wash and fold,Special care fabric cleaning,Leather and suede cleaning,Delivery,Dry cleaning,Drapery & window cover cleaning,General bedding cleaning,Laundry pick-up,Wedding gown preservation,A C Installation,Domestic Cleaning,Dry Cleaning,Dryclean Service,Household Service,Laundry Pick-up and Drop-off,Maid Services,Office Cleaning,Pickup And Delivery,Shoe dry cleaning,Sneaker dry cleaning,Steam Ironing,Ui / Ux Design,Window Cleaning"
"Sharda Drycleaners","098295 66726","327 - C, Dhruv Marg, near Shaye Eye Hospital, Gurunanakpura, Tilak Nagar, Jaipur, Rajasthan 302004","4.8","5","Services: Ironing,Clothing alterations & repairs,Laundry wash and fold,Special care fabric cleaning,Delivery,Dry cleaning,Laundry pick-up,Wedding gown preservation"
"Alldone laundromat & Dry cleaning (Jaipur,Rajasthan)","099176 96696","VQG3+F6, near 11/52, Madhyam Marg, Mansarovar Sector 1, Mansarovar, Jaipur, Rajasthan 302020","5.0","4","Services: Dry cleaning,Laundry wash and fold"
"Ashok Dry Cleaners Speed Service","098289 60910","Gandhi Path W, Girnar Colony, Guru Jambheshwar, Vaishali Nagar, Jaipur, Rajasthan 302021","5.0","7","N/A"
"Sharda Drycleaners","098295 66726","327 - C, Dhruv Marg, near Shaye Eye Hospital, Gurunanakpura, Tilak Nagar, Jaipur, Rajasthan 302004","4.8","5","Services: Ironing,Clothing alterations & repairs,Laundry wash and fold,Special care fabric cleaning,Delivery,Dry cleaning,Laundry pick-up,Wedding gown preservation"
"Alldone laundromat & Dry cleaning (Jaipur,Rajasthan)","099176 96696","VQG3+F6, near 11/52, Madhyam Marg, Mansarovar Sector 1, Mansarovar, Jaipur, Rajasthan 302020","5.0","4","Services: Dry cleaning,Laundry wash and fold"
"Ashok Dry Cleaners Speed Service","098289 60910","Gandhi Path W, Girnar Colony, Guru Jambheshwar, Vaishali Nagar, Jaipur, Rajasthan 302021","5.0","7","N/A"
"Aadhaar Dry Cleaners","093526 76678","No-1, 7, Jha 22, Shop No-1, Sector 7, Pulya, Jawahar Nagar, Jaipur, Rajasthan 302004","4.5","15","Services: Quilt cleaning,Clothes pressing,Ironing,Car wash,Couches/sofas,Jackets,Hat cleaning,Delivery,Dry cleaning,Laundry pick-up,Wedding dress cleaning,double blanket,half jacket,lehnga set 2PC,lehnga set 3PC,saree charak,saree steam ironing,single blanket"
"Metro Laundry Services","097999 99338","1847, Ghee Walo Ka Rasta, Johri Bazar, Ramganj Bazar, Jaipur, Rajasthan 302003","4.8","4","Services: Clothing alterations & repairs,Laundry wash and fold,Delivery,Dry cleaning,Laundry pick-up,Wedding gown preservation"
"New Shanti Drycleaners","095115 63430","5A/12, Pareek Path, Parasram Nagar, Dher ka Balaji, Sikar Rd, Jaipur, Rajasthan 302039","5.0","18","Services: Special care fabric cleaning,Alterations"
"Jagdamba Dry Cleaners","096362 37721","9, Shopping Centre, Sector 7, Malviya Nagar, Jaipur, Rajasthan 302017","4.2","5","Services: Ironing,Laundry wash and fold,Carpet and rug cleaning,Couches/sofas,Coat & jacket alterations,Special care fabric cleaning,Leather and suede cleaning,Jackets,Delivery,Dry cleaning,Laundry pick-up,Wedding gown preservation,Charak"
"Mr Naaz Dry Cleaners & Dyers","099296 52546","39, Tonk Fatak Rd, opp. Central Bank of India, Rajasthan, Jai Ambey Nagar, Bajaj Nagar, Jaipur, Rajasthan 302018","3.5","25","N/A"
"The Shoe DryCleaner","096107 78848","12, 29, Girdhar Marg, Sector 12, Malviya Nagar, Jaipur, Rajasthan 302017","3.5","75","Services: Self-service laundry,Leather and suede cleaning,Jackets,Dry cleaning,Car Leather Seat Dry Cleaning,Leather Belt Cleaning,Leather Jacket Dry Cleaning,Residential Cleaning,Shoe Coloring,Shoe Laundry,Shoe Polishing,Shoe Repair,Shoes Dry Cleaning,Wallet Dry Cleaning"
"Jaipur Dry Cleaners","099508 96811","XQ59+Q95, Path Number 7, Maharaja Colony, Vijay Bari, Bhawani Nagar, Jaipur, Rajasthan 302013","4.0","4","Services: Ironing,General clothes drying,Laundry wash and fold,Special care fabric cleaning,Self-service laundry,Delivery,Dry cleaning,Laundry pick-up,Bespoke Laundry,Car Detailing,Car Dry Cleaning,Car Dryclean,Car Interior,Car Rubbing,Car Teflon Coating,Carpet Cleaning Company,Carpet Dry Cleaning,Clothes Washed,Curtains Dry Cleaning,Express Laundry,Fabric Softener,Free Pick Up Service,Furniture Cleaning,Home Delivery,Household Laundry,Hygienic,Intensive Care,Ironing And Folding,Laundry And Dry Cleaning Services,Pick Up And Delivery Service,Self Service Laundromat,Shoe Dry Cleaners,Shoes Dry Cleaning,Sofa Dry Cleaning,Sofa Shampooing,Sole Replacement,Special Care,Standard Laundry,Steam Cleaning,Steam Ironing,Upholstery Dry Cleaned,Vacuum Cleaner,Wash & Fold,Wash And Iron,Wash Your,Washing And Drying"
"Naaz Dry Cleaners","0141 310 7649","VQX8+JMG, Ajmer Rd, Near D C M Road, Ram Colony, Sushilpura, Jaipur, Rajasthan 302011","2.9","7","N/A"
"Sonal Dry-Cleaning & Laundry Services","089494 83663","Plot No. 2, Madan Badi, Sector-3, Naya Khera, Vidyadhar Nagar, Jaipur, Rajasthan 302039","5.0","4","Services: Ironing,Laundry wash and fold,Carpet and rug cleaning,Coat & jacket alterations,Special care fabric cleaning,Jackets,Delivery,Online dry cleaner booking,Dry cleaning,Drapery & window cover cleaning,Laundry pick-up,Wedding gown preservation,laundry,laundry service"
"Ambassadors Dry Cleaners","0141 237 2549","Shop No 76, Sharma Building, Mirza Ismail Rd, Jaipur, Rajasthan 302001","3.6","14","N/A"
"SANKHALA DRYCLEANERS .All type laundry services","079760 43910","Hawa Mahal chandi ki taksal Rai ji ka gherr, Jaipur, Rajasthan 302002","5.0","2","Services: Ironing,Coat & jacket alterations,Self-service laundry,Jackets,Online dry cleaner booking,Dry cleaning"
"Tumbledry Dry Clean & Laundry Service","076772 50250","Dwarika Tower, G-20, Sector 2 Rd, Sector 2, Central Spine, Vidyadhar Nagar, Jaipur, Rajasthan 302039","2.6","17","Services: Ironing,Laundry wash and fold,Carpet and rug cleaning,Leather and suede cleaning,Laundry pick-up,Art Dry Cleaning,Bag Cleaning,Blanket & Quilt Dry Cleaning,Canvas Shoes Dry Cleaning,Carpet Cleaning,Carpet Dry Cleaning,Coat & Blazer Dry Cleaning,Color Enhancement After Dry Cleaning,Curtain & Blinds Dry Cleaning,Curtain Dry Cleaning Service,Curtain Ring Replacement,Customized Treatment,Damaged Collar Replacement,Darning,Deep Cleaning,Dry Cleaning & Laundry,Dry Cleaning Facility,Free Pickup,Handbag Dry Cleaning,Haute Couture Dry Cleaning,Heel Replacement,Inner Lining Replacement,Inner Sole Replacement,Jacket Dry Cleaning,Laces Replacement,Leather & Suede,Leather & Suede Shoes Dry Cleaning,Leather Bag Dry Cleaning,Leather Dry Cleaning,Lehenga & Bridal Wear Dry Cleaning,Packing,Re Coloring,Saree Dry Cleaning,Silk Sarees,Soft Toys Dry Cleaning,Sole Pasting,Sorting & Inspection,Sports Shoes Dry Cleaning,Stain Removal,Stain Treatment,Steam Iron,Steam Ironing,Whitening After Dry Cleaning,Women Kurta & Salwar Dry Cleaning,Woolen & Shawl Dry Cleaning,Woolen Garments,Woolens Dry Cleaning,Self-service laundry,Premium Laundry,Wash & Steam Ironing,Wash & fold service"
"LKR AUTO CARE- Car Washing, Teflon Coating, Car Dry Cleaners, Car Detailing Rubbing And Polishing, Car Ceramic Coating","083858 49057","Shop no 11 Radha Govind Complex Near Patrakar Colony Rampura Road, Narotampura, Jaisinghpura Rd, Mansarovar, Jaipur, Rajasthan 302020","5.0","123","Services: Automatic car washing,Polishing,Car window cleaning,Pressure car washing,Car waxing,Car polishing,Interior cleaning,Undercarriage washing,Vehicle interior vacuuming,Tyre gloss,Dry cleaning,Rim and wheel cleaning,Scratch removal,Auto detailing,Vacuuming,Air-freshener treatment,Hand washing,Automotive Protection,Car Damage Repair,Car Detailing,Car Dry Cleaning,Ceramic Coating Car,Cleaning Car Washing,Cleaning Solutions,Coating Teflon,Commercial Services,Detailing Products,Diagnostic Services,Exterior Cleaning,Exterior Finish,Home Repairs,Odor Removal,Plumbing Repair,Protective Coating,Repair Replacement,Rubbing & Polishing,Vehicle Maintenance,Wheel Alignment"
"RAAS DRYCLEANER'S & LAUNDRY","085599 91877","SHOP NO.1, PLOT NO.8, near SAHID KI MORI, New Colony, Said Kemori, Nandpuri Colony, Jagatpura, Jaipur, Rajasthan 302017","4.8","13","Services: Industrial laundry,Eco-friendly cleaning,Organic dry cleaning,Quilt cleaning,Clothes pressing,Ironing,Laundry wash and fold,Carpet and rug cleaning,Self-service laundry,Jackets,Delivery,Online dry cleaner booking,Dry cleaning,Drapery & window cover cleaning,Laundry pick-up,Commercial service,Wedding dress cleaning,      , ,    , , , , , ,   , , ,"
"Washry Cleaning Jaipur","078499 41281","A-118, 80 Feet Rd, near Divine Public School, Avadhpuri, Mahesh Nagar, Gopal Pura Mode, Jaipur, Rajasthan 302015","5.0","9","Services: Interior and exterior window cleaning,Deep clean,Office and workplace cleaning,Mattress cleaning,Upholstery cleaning,Moving-related cleaning,Standard cleaning,Bathroom Cleaning,Kitchen Deep Cleaning,Ironing,Laundry wash and fold,Delivery,Dry cleaning,Laundry pick-up,Shoe Laundry,Steam Pressing,Wash & Iron"
"EXPERT CAR DETAILING JAIPUR - On site Ceramic Coating, Car Dryclean and Rubbing polishing","097849 58668","N/A","5.0","40","Services: Car upholstery,Classic car upholstery,Commercial upholstery,Custom upholstery,Exotic car upholstery,General repairs,Refurbishment,Car wash,Dry cleaning,Leather and suede cleaning,Online dry cleaner booking,Auto detailing,Car detailing,Ceramic coating,Degreasing,Deep clean,Interior and exterior window cleaning,Mattress cleaning,Moving-related cleaning,Office and workplace cleaning,Standard cleaning,Upholstery cleaning"
"Snowpex Dry Cleaners Dyers","0141 231 9340","Shop No 127, Shop No. 127, Chandpol Market, near Khandelwal Veshay Trust, Chandpole, Jaipur, Rajasthan 302001","3.1","10","N/A"
"Bhatia Desert Drycleaners","098292 72555","44, 234Rajat Path, Kiran Path, Mansarovar Sector 4, Mansarovar, Jaipur, Rajasthan 302020","5.0","8","N/A"
"AV Dry-cleaner","094612 30532","Indraprasth Residency, Swej Farm Rd, Ganesh Nagar, Sodala, Jaipur, Rajasthan 302006","5.0","1","Services: Ironing,General clothes drying,Laundry wash and fold,Special care fabric cleaning,Self-service laundry,Delivery,Dry cleaning,Drapery & window cover cleaning,Laundry pick-up,Wedding gown preservation,Carpet Cleaning,Chairs Cleaning,Cleaning Process,Clothes Cleaning,Curtain Cleaning,Custom Packing,Dry Cleaner,Home Laundry,Laundry & Dry Cleaning,Office Services,Pickup & Drop,Sofa Cleaning"
"Shyamas Laundry","098287 73777","204, Kamla Nehru Nagar Rd, Ayodhya Nagar, Kana Vihar, Jaipur, Rajasthan 302026","5.0","2","Services: Ironing,Delivery,Dry cleaning,Laundry pick-up,All type washing,Factory Outlet,Free pick up and drop facilities within 2 km"
"Rama Drycleaners","096020 59089","Shop No 101, 102 S. B. Vihar Swej Farm, New Sanganer Rd, Sodala, Jaipur, Rajasthan 302019","4.3","6","N/A"
"Helolaundry","091662 55665","Shop no.6, Tonk Rd, Jai Ambey Nagar, Gopal Pura Mode, Jaipur, Rajasthan 302018","5.0","5","Services: Self-service laundry,Laundry Services"
"Clothes Bin Laundary & Dry Clean / Best Dry Cleaner in Jaipur / Laundary Services in Jaipur","091191 99699","84/245, Madhyam Marg, Ward 27, Mansarovar Sector 8, Mansarovar, Jaipur, Rajasthan 302020","5.0","4","Services: Clothes pressing,Clothing alterations & repairs,Dry cleaning,Laundry pick-up,Laundry wash and fold,Online dry cleaner booking,Organic dry cleaning,Self-service laundry"
"New Laundry Dry Cleaners","N/A","54/A, Jan Path, Saket Nagar, Shyam Nagar, Jaipur, Rajasthan 302019","3.0","4","N/A"
"Super Drycleaners & Laundry","N/A","Shop No. 8 Tirveni Tower Opp. Kesar Baag Meriage Gardan, Sirsi Rd, Vaishali Nagar, Jaipur, Rajasthan 302021","3.9","7","N/A"
"Decent Dry cleaners","N/A","Tagore Lane, Ward 27, Shipra Path, Barh Devariya, Mansarovar, Jaipur, Rajasthan 302020","3.7","6","Services: Organic dry cleaning,Clothes pressing,Ironing,Clothing alterations & repairs,Laundry wash and fold,Car wash,Carpet and rug cleaning,Couches/sofas,Coat & jacket alterations,Self-service laundry,Leather and suede cleaning,Jackets,Delivery,Online dry cleaner booking,Dry cleaning,Alterations,General bedding cleaning,Laundry pick-up,Commercial service,Wedding gown preservation,Wedding dress cleaning,Bag Dry Cleaning,Bed Sheet,Car Cleaning,Carpet Cleaning Services,Coat Pant,Corporate Cleaning,Dry Cleaning Facility,Dry Cleaning Laundry,Dry Cleaning Laundry Facilities,Home Services,Jacket Dry Cleaning,Laundry Facility,Leather Jackets Polish,Leather Shoes,Lehenga Dry Cleaning,Matters Cleaning,Office Chair Cleaning,Pillow Cover,Purse Dry Cleaning,Roll Press,Saree Charak,Saree Polish,Saree Roll Press,Shoes Dry Cleaning,Sofa Cleaning,Steam Press,Velvet & Razai,Washing Facility,Water Tank Cleaning,Wedding Dresses,Zari Polish,Zari Polishing"
"Nikhar Drycleanrs","096029 55778","C-2, RPA Rd, Pani Pech, Block B, Prem Colony, Nehru Nagar, Jaipur, Rajasthan 302016","3.0","2","Services: Blankets Dry-cleaning,Men suits Dry-cleaning,Hotel Laundry,Wedding gown Dry-cleaning,General Clothes Dry-cleaning,Leather Jacket Dry-cleaning,Tracksuit Dry-cleaning,Woolen Clothes Dry-cleaning,Full Laundry Services,Sweaters Dry-cleaning"
"Sofa Dry Cleaners Jaipur","N/A","N/A","5.0","4","N/A"
"Bajrang dryclean and laundry services","N/A","119/376, Mansarovar Sector 11, Jhalana Chhod, Mansarovar, Jaipur, Rajasthan 302020","4.0","1","N/A"
"Wissh wash","099284 44888","Gupta Store, Mini Market, EF-204, Amrapali Circle, Vaishali Nagar, Jaipur, Rajasthan 302021","3.9","201","Services: Ironing,Laundry wash and fold,Special care fabric cleaning,Self-service laundry,Delivery,Dry cleaning,24 Hour Services,Car Cleaning Services,Car Drycleaning,Car Wash,Carpet Drycleaning,Clothes Cleaned,Coronavirus Disinfecting Service,Express Laundry Services,Fabric Softener,Hand Wash,Interior Cleaning,Just Wash,Laundry Bag,Laundry Company,Normal Wash,Quick Laundry,Quick Wash,Seat Cleaning,Sofa Drycleaning,Soft Furnishing,Stain Removal,Wash And Iron,Wash Only"
"New Sharda Dry Cleaners","098874 74580","Opp. 12/30 , Near Karan Dhaba, Girdhar Marg, Malivya Nagar, Jaipur, Rajasthan 302017","3.0","3","N/A"
"OXOCare App - Car Service Jaipur","091160 02200","61, Gandhi Path W, Amrapali Circle, Vaishali Nagar, Jaipur, Rajasthan 302021","4.4","94","Services: Automatic car washing,Polishing,Car window cleaning,Pressure car washing,Car waxing,Car polishing,Clay bar treatment,Interior cleaning,Vehicle interior vacuuming,Leather and suede cleaning,Dry cleaning,Auto detailing,Vacuuming,Hand washing,Electrical,Air and cabin filter replacement,A/C filter replacement,A/C services,Air conditioning,Brakes,Vehicle A/C replacement,Vehicle maintenance,Tyres,Oil change,Electrical repair,Wheel alignment,Ac Checked,Car A C Service,Car Breakdown,Car Coating,Car Denting & Painting,Car Detailing Service,Car Mechanic,Car Parts,Car Repair Near,Car Service & Maintenance,Car Serviced,Car Spa,Car Tyre,Car Wheel Alignment,Car Wheel Balancing Service,Car Workshops,Ceramic Coating,Cleaning Package,Clutch Repair,Dashboard Polishing,Dent Removal,Doorstep Car Dry Cleaning,Doorstep Car Rubbing Polish,Doorstep Car Wash,Doorstep Teflon Coating,Engine Oil & Filter,Engine Work,Gearbox Repair,Interior Dry Cleaning,Interior Vacuum Cleaning,Part Repairs,Personalized Services,Pick & Drop,Pickup & Drop,Scheduled Car Service,Servicing & Repairing,Spare Part,Steering Repair,Tire Wear,Vehicle Detail,Wheels And Tires,Your Car Repair,Brake service & repair,Car wash,Carpet and rug cleaning,Special care fabric cleaning,Online dry cleaner booking,Drapery & window cover cleaning,General bedding cleaning,Commercial service,Tyre balancing,Tyre pressure monitoring service,Tyre rotations,Tyre installation,Wheel repair"
"Ram Dry Cleaners","099295 39987","Jyothi Nagar, Lalkothi, Jaipur, Rajasthan 302005","3.0","2","N/A"
"META CAR DETAILING - Best Car wash & Drycleaning / Rubbing polish in Jaipur (Doorstep Available)","098877 92209","shop no. 4, PL.8, Ambedkar Colony, Choti Chopad, Surajpura, Jaipur, Rajasthan 302029","5.0","111","Services: Air-freshener treatment,Auto detailing,Automatic car washing,Car polishing,Car waxing,Car window cleaning,Clay bar treatment,Delivery,Dry cleaning,Hand washing,Interior cleaning,Leather and suede cleaning,Polishing,Pressure car washing,Rim and wheel cleaning,Scratch removal,Tyre gloss,Undercarriage washing,Vacuuming,Vehicle interior vacuuming,Vehicle upholstery cleaning,Car rubbing polish,Car teflon coating,Ceramic coating,Steam car wash,Steam car dry cleaning,Car engine cleaning,Car wash home service,Doorstep car service,Home car dry cleaning,Leather seats cleaning,Rubbing polish,Car buffing polish,Car washing,Bike wash,Car detailing,Car cleaning & waxing polish in out black part only,A/C services,Battery,A/C installation and repair,Vehicle A/C recharge,Vehicle A/C replacement,Vehicle battery replacement,Vehicle maintenance,Bike detailing,Carpet and rug cleaning,Car wash,Commercial service,Doorstep car wash,Doorstep car cleaning services,Car dry clean,Dayli car wash,Car wash at home,Car dry cleaning at home,Sofa cleaning at home,Car teflon coating at home,Car cleaning,Bike washing,Car Cleaning at home,At home car cleane,ONE TIME COMPLETE WASH WITH POLISH staring price 450"
"Kunal Drycleaners Dyers- Charakh Center","078773 87662","Sindhi Colony Rd, near devika mandir, Adarsh Nagar, Jaipur, Rajasthan 302004","5.0","2","N/A"
"Sai Baba Dry Cleaners","076900 00806","WPWM+3JM, Kalwar Rd, Vikas Nagar, Pratik Nagar, Jhotwara, Jaipur, Rajasthan 302032","5.0","1","N/A"
"Panwar press & dry cleaners","096605 17745","Shipra Path, near landscape garden, near Landscape Park, Mansarovar Sector 7, Shipra Path, Barh Devariya, Mansarovar, Jaipur, Rajasthan 302020","5.0","1","Services: Ironing,Clothing alterations & repairs,Dry cleaning,General bedding cleaning,Laundry pick-up"
"MV CLEAN HOUSE","095095 44095","S-2/3 DIWAKAR PATH, Tonk Rd, opp. GLASS FACTORY, Jaipur, Rajasthan 302018","4.9","41","Services: All Size Garbage in Kgs / Role available as per govt rule,Chemical Cleaning,Complete Cleaning,Garbage Bag,House Keeping,Office Cleaning,Sewage Treatment"
"Dry Master Sofa Cleaning Services","088248 17135","12 B, Ajmer Rd, near Heerapura Power House, Suman Vihar, Jagdamba Nagar, Heerawala, Jaipur, Rajasthan 302024","5.0","4","Services: Car wash,Carpet and rug cleaning,Couches/sofas,Dry cleaning,General bedding cleaning,Car Dry Cleaning,Chair Cleaning,Couch Cleaning,Disinfection Service,Furniture Cleaning,Home Service,Mattress Cleaning,Sofa Cleaning Services,Sofa Dry Cleaners,Sofa Vacuum,Sofas Sets,Vacuum Cleaners"
"First Choice Dry Cleaners","N/A","37, Rangoli Garden Rd, Vaishali Nagar, Jaipur, Rajasthan 302021","N/A","N/A","N/A"
"Jaipur Laundry and Drycleaners","091163 66663","A 10, Queens Rd, Nityanand Nagar, Vaishali Nagar, Jaipur, Rajasthan 302021","N/A","N/A","Services: Ironing,General clothes drying,Laundry wash and fold,Special care fabric cleaning,Self-service laundry,Leather and suede cleaning,Delivery,Dry cleaning,Party dress cleaning,Baby clothes cleaning,Laundry pick-up,Drycleaning Services,Express Laundry,Fabric Care,Fold Laundry,Iron Garment,Laundry Wash,Laundry Wash & Fold,Laundry Wash & Iron,Pickup & Delivery,Regular Washing,Shoes Drycleaning,Sofa Drycleaning,Steam Ironing,Thorough Clean,Wash & Fold,Wash & Iron,Woolen Laundry"
"Shree Balaji Laundry And Drycleaning","N/A","Rani Sati Ln, Hanuman Nagar Extension, Paschim Vihar, Vaishali Nagar, Jaipur, Rajasthan 302021","5.0","2","Services: Dry cleaning,General clothes drying,Ironing,Laundry wash and fold,Quilt cleaning,Self-service laundry"
"Manvi Dry Cleaners","N/A","2, Shanti Nagar, near Balaji Mandir, Shyam Vihar Vistar, Girdharipura, Jaipur, Rajasthan 302021","5.0","1","Services: Dry cleaning"
"Ravi Dry Cleaners","0141 270 0495","A-1, Janta Store Cir, Kailash Nagar, Bapu Nagar, Jaipur, Rajasthan 302015","3.8","4","N/A"
"Snowhite drycleaners","N/A","9 Dukan ,panipech, Jhotwara Rd, near Deasert In Hotel, Pani Pech, Block A, Sirampura, Nehru Nagar, Jaipur, Rajasthan 302016","N/A","N/A","N/A"
"Ambe Dry cleaners (  )","095095 03861","jhulelal Mandir ke piche, Shastri Nagar sector 5, Sector 5 Gha 18, Jaipur, Rajasthan 302016","N/A","N/A","Services: Clothing alterations & repairs,Quilt cleaning,Delivery,Drapery & window cover cleaning,Dry cleaning,General bedding cleaning,General clothes drying,Ironing,Laundry pick-up,Laundry wash and fold,Leather and suede cleaning,Self-service laundry,Special care fabric cleaning,Wedding gown preservation"
"Star Line Dry Cleaner","N/A","332/2 A, Udai Marg, Raja Park, Jaipur, Rajasthan 302004","N/A","N/A","N/A"
"Laundry Hub","088520 20592","Plot No. 420 Near By Lil School Vinayak Envlace Ramnagariya, Jagatpura, Jaipur, Rajasthan 302017","1.0","1","N/A"
"Kotiya Dry cleaners","097848 31326","Shop.No.20A, Shiv Nagar, Rd Number 1, opp. Goras Bhandar, Murlipura, Jaipur, Rajasthan 302039","N/A","N/A","N/A"
"De-luxe Drycleaners","098870 22872","52, Sarojini Marg, Panch Batti, C Scheme, Ashok Nagar, Jaipur, Rajasthan 302001","3.0","2","N/A"
"DELTA DRYCLEANERS & LAUNDRY SERVICES","093515 55382","111/32, SECTOR-11, Kumbha Marg, Pratap Nagar, Sanganer, Sector 11, Pratap Nagar, Jaipur, Rajasthan 302033","4.8","4","Services: Ironing,Clothing alterations & repairs,Laundry wash and fold,Car wash,Carpet and rug cleaning,Couches/sofas,Coat & jacket alterations,Special care fabric cleaning,Self-service laundry,Leather and suede cleaning,Jackets,Delivery,Online dry cleaner booking,Dry cleaning,Drapery & window cover cleaning,Alterations,General bedding cleaning,Laundry pick-up,Commercial service,Wedding gown preservation"
"Dhobhighat laundry services & dryclean","N/A","154, Om vatika, 1st govindpur, Kalwar Rd, Jaipur, Rajasthan 302012","N/A","N/A","Services: Eco-friendly cleaning,Organic dry cleaning,Quilt cleaning,Clothes pressing,Ironing,Laundry wash and fold,Couches/sofas,Special care fabric cleaning,Leather and suede cleaning,Jackets,Hat cleaning,Delivery,Online dry cleaner booking,Dry cleaning,Drapery & window cover cleaning,Laundry pick-up,Wedding gown preservation,Wedding dress cleaning"
"Quick Press Laundry Services - Best Laundry Service","N/A","19, Shiv Vihar Colony, Ajmer Rd, near Jain Mandir, Bhakrota, Jaipur, Rajasthan 302026","N/A","N/A","Services: Delivery,Dry cleaning,General bedding cleaning,General clothes drying,Ironing,Laundry pick-up,Laundry wash and fold,Special care fabric cleaning"
"Sahil Drycleaing | Professional Drycleaners Service in Jaipur","N/A","B-67, near Shiv mandir, Ashok Vihar, Manyawas, Mohru Nagar, Mansarovar, Jaipur, Rajasthan 302020","2.5","2","Services: Ironing,Clothing alterations & repairs,Laundry wash and fold,Car wash,Carpet and rug cleaning,Couches/sofas,Coat & jacket alterations,Special care fabric cleaning,Self-service laundry,Leather and suede cleaning,Jackets,Delivery,Online dry cleaner booking,Dry cleaning,Drapery & window cover cleaning,Alterations,General bedding cleaning,Laundry pick-up,Commercial service,Wedding gown preservation"
"Ronak Dry Cleaning","N/A","S45, Godavari Marg, Indira Gandhi Nagar, Sector-1, Ghati Karolan, Jaipur, Rajasthan 302017","N/A","N/A","N/A"
"Sanjay Dry Cleaners","N/A","WQGR+38H, Kabir Marg, Bani Park, Jaipur, Rajasthan 302016","5.0","1","N/A"